playlist_index,original_title,original_artists,candidate_url,candidate_track_id,candidate_title,candidate_artists,candidate_key,candidate_key_camelot,candidate_year,candidate_bpm,candidate_label,candidate_genres,candidate_release,candidate_release_date,title_sim,artist_sim,base_score,bonus_year,bonus_key,final_score,guard_ok,reject_reason,search_query_index,search_query_text,candidate_index,elapsed_ms,winner
2,(F) Planet 9,Adam Port,https://www.beatport.com/track/i-wanna-go/22236530,22236530,I Wanna Go John Summit Extended Remix,"Britney Spears, John Summit",D Minor,7A,2025,138,Experts Only,Dance / Pop,,2025-10-17,21.276595744680847,26,23.4,0,0,24.4,N,guard_low_artist_high_title_required,1,(F) Planet 9 Adam Port,10,5262,N
2,(F) Planet 9,Adam Port,https://www.beatport.com/track/changes-adam-port-remix/10170797,10170797,Changes Adam Port Remix,"Stereo MC's, Adam Port, Changes Adam Port",E Major,12B,2018,122,Freerange Records,"Deep House, House",,2018-01-19,30.303030303030297,100,61.7,0,0,59.7,N,guard_short_title_high_floor,1,(F) Planet 9 Adam Port,1,6495,N
2,(F) Planet 9,Adam Port,https://www.beatport.com/track/sonnenfinsternis-original-mix/8049671,8049671,Sonnenfinsternis Original Mix,Adam Port,G Major,9B,2016,90,Keinemusik,"Tech House, House",,2016-06-24,23.07692307692308,100,57.7,0,0,82.7,N,guard_short_title_high_floor,1,(F) Planet 9 Adam Port,3,6713,N
2,(F) Planet 9,Adam Port,https://www.beatport.com/track/cry-for-you/21531599,21531599,Cry For You Extended Mix,SIDEPIECE,E Major,12B,2025,132,LIP SERVICE,Dance / Pop,,2025-09-26,28.57142857142857,22,25.6,0,0,50.6,N,guard_artist_sim_no_overlap,1,(F) Planet 9 Adam Port,9,6914,N
2,(F) Planet 9,Adam Port,https://www.beatport.com/track/sonnenfinsternis/8049671,8049671,Sonnenfinsternis Original Mix,Adam Port,G Major,9B,2016,90,Keinemusik,"Tech House, House",,2016-06-24,23.07692307692308,100,57.7,0,0,82.7,N,guard_short_title_high_floor,1,(F) Planet 9 Adam Port,4,6999,N
2,(F) Planet 9,Adam Port,https://www.beatport.com/track/love-songs-feat-kosmo-kint/21977538,21977538,Love Songs (feat. Kosmo Kint) Extended Mix,"Prospa, Kosmo Kint",Bb Minor,3A,2025,127,CircoLoco Records,"House, Tech House, Deep House, Minimal / Deep Tech|Minimal House, UK Garage / Bassline",,2025-10-03,20.0,26,22.7,0,0,1.7,N,guard_low_artist_high_title_required,1,(F) Planet 9 Adam Port,8,7190,N
2,(F) Planet 9,Adam Port,https://www.beatport.com/track/diet-coke/22095452,22095452,Diet Coke Extended Mix,Fallon (IE),D Major,10B,2025,128,Experts Only,"Tech House, Bass House, UK Garage / Bassline, House",,2025-10-10,31.578947368421055,22,27.3,0,0,6.3,N,guard_artist_sim_no_overlap,1,(F) Planet 9 Adam Port,7,7482,N
2,(F) Planet 9,Adam Port,https://www.beatport.com/track/adam-port-working-for-it-feat-jennifer-touch-original-mix/8049672,8049672,Working For It Feat. Jennifer Touch Original Mix,"Adam Port, Jennifer Touch",G Major,9B,2016,122,Keinemusik,"Deep House, House",,2016-06-24,25.0,100,58.8,0,0,83.8,N,guard_short_title_high_floor,1,(F) Planet 9 Adam Port,6,10181,N
2,(F) Planet 9,Adam Port,https://www.beatport.com/track/white-noise-romantica-original-mix/13602014,13602014,White Noise Romantica Original Mix,Adam Port,C Major,8B,2020,121,Keinemusik,"Melodic House & Techno, Afro House, Organic House",,2020-05-29,25.80645161290323,100,59.2,0,0,28.2,N,guard_short_title_high_floor,1,(F) Planet 9 Adam Port,2,10605,N
2,(F) Planet 9,Adam Port,https://www.beatport.com/track/tonight/8049673,8049673,"Tonight Adam Port 12"" Autobahn Edit","Adam Port, Here Is Why",B Minor,10A,2016,122,Keinemusik,"Indie Dance, House, Nu Disco / Disco",,2016-06-24,25.641025641025635,100,59.1,0,0,46.1,N,guard_short_title_high_floor,1,(F) Planet 9 Adam Port,5,10980,N
2,(F) Planet 9,Adam Port,https://www.beatport.com/track/spaceship/22009896,22009896,Spaceship Extended Mix,Marsolo,F Minor,4A,2025,133,Positiva,"Deep House, House, Minimal / Deep Tech|Deep Tech, Minimal / Deep Tech",,2025-10-17,31.578947368421055,25,28.6,0,0,7.6,N,guard_low_artist_high_title_required,1,(F) Planet 9 Adam Port,15,5793,N
2,(F) Planet 9,Adam Port,https://www.beatport.com/track/a-place-you-wanna-go-good-life/21993672,21993672,A Place You Wanna Go (Good Life) Good Life,bullet tooth,B Minor,10A,2025,132,Positiva,"Dance / Pop, Dance / Pop|Pop",,2025-10-03,35.0,28,31.9,0,0,56.9,N,guard_low_artist_high_title_required,1,(F) Planet 9 Adam Port,16,5809,N
2,(F) Planet 9,Adam Port,https://www.beatport.com/track/come-to-ibiza/21913350,21913350,Come To Ibiza Max Dean Remix,"Mason Collective, Timeless oracle, Max Dean, Ibiza Max Dean",E Minor,9A,2025,132,MVSON,"House, Deep House, Minimal / Deep Tech, Tech House",,2025-10-03,26.315789473684205,35,30.2,0,0,28.2,N,guard_low_artist_high_title_required,1,(F) Planet 9 Adam Port,17,6714,N
2,(F) Planet 9,Adam Port,https://www.beatport.com/track/la-noche/21893118,21893118,LA NOCHE Extended Mix,"Chris Lake, Skrillex, ANITA B QUEEN",Ab Major,4B,2025,127,Black Book Records,"Bass House, Tech House, UK Garage / Bassline, House",,2025-10-03,44.44444444444444,27,36.6,0,0,12.6,N,guard_low_artist_high_title_required,1,(F) Planet 9 Adam Port,13,7552,N
2,(F) Planet 9,Adam Port,https://www.beatport.com/track/afterparty/21805588,21805588,Afterparty Extended Mix,"Gaddi, HILLS (US)",Eb Major,5B,2025,132,Catch & Release,"Tech House, Bass House, House",,2025-10-03,40.0,28,34.6,0,0,59.6,N,guard_low_artist_high_title_required,1,(F) Planet 9 Adam Port,14,7432,N
2,(F) Planet 9,Adam Port,https://www.beatport.com/track/love-parade/21774346,21774346,Love Parade Extended Mix,"Da Hool, Cassian, YOTTO",D Major,10B,2025,128,Afterlife Records,"Melodic House & Techno, Afro House, Melodic House & Techno|Melodic House, Afro House|Afro Melodic",,2025-09-19,38.095238095238095,50,43.5,0,0,19.5,N,guard_short_title_high_floor,1,(F) Planet 9 Adam Port,12,9955,N
2,(F) Planet 9,Adam Port,https://www.beatport.com/track/fancy-hit/21309496,21309496,Fancy $hit Extended Mix,"CID, Taylr Renee",F Major,7B,2025,129,Catch & Release,"Tech House, House, Bass House, Tech House|Latin Tech",,2025-09-05,42.10526315789474,20,32.2,0,0,57.2,N,guard_artist_sim_no_overlap,1,(F) Planet 9 Adam Port,11,11537,N
2,(F) Planet 9,Adam Port,https://www.beatport.com/track/dr-feel-right-feat-the-egyptian-lover-rome-fortune/21757821,21757821,Dr Feel Right (feat. The Egyptian Lover & Rome Fortune) feat. The Egyptian Lover & Rome Fortune,"The Egyptian Lover, Rome Fortune, Josh Baker",Bb Minor,3A,2025,128,Baker's Dozen,"House, Deep House, Minimal / Deep Tech, UK Garage / Bassline, Minimal / Deep Tech|Deep Tech",,2025-09-26,34.78260869565217,37,35.8,0,0,57.8,N,guard_low_artist_high_title_required,1,(F) Planet 9 Adam Port,20,6609,N
2,(F) Planet 9,Adam Port,https://www.beatport.com/track/i-like-it/20912581,20912581,I Like It Original Mix,"Loboski, SLESS",F Major,7B,2025,87,Wobbles & Waffles,Drum & Bass,,2025-08-29,42.10526315789474,12,28.6,0,0,-2.4,N,guard_artist_sim_no_overlap,1,(F) Planet 9 Adam Port,22,7041,N
2,(F) Planet 9,Adam Port,https://www.beatport.com/track/cash-out/20566956,20566956,Cash Out EXTENDED MIX,"Bobby Shmurda, SIDEPIECE",Eb Minor,2A,2025,130,LIP SERVICE,"Tech House, Tech House|Latin Tech, House, Bass House",,2025-06-20,22.22222222222223,22,22.1,0,0,1.1,N,guard_artist_sim_no_overlap,1,(F) Planet 9 Adam Port,18,10010,N
2,(F) Planet 9,Adam Port,https://www.beatport.com/track/4-the-girls/21892998,21892998,4 The Girls Extended Mix,"Rafael, Max Cardona",G Major,9B,2025,129,PlanetX,"Indie Dance, House",,2025-10-17,28.57142857142857,40,33.7,0,0,12.7,N,guard_short_title_high_floor,1,(F) Planet 9 Adam Port,25,6125,N
2,(F) Planet 9,Adam Port,https://www.beatport.com/track/sexy-back/19962554,19962554,Sexy Back Original Mix,"Bruno Bona, Esteban Angel",E Minor,9A,2025,128,Bona,"Tech House, Tech House|Latin Tech, House",,2025-01-24,21.05263157894737,31,25.5,0,0,-5.5,N,guard_low_artist_high_title_required,1,(F) Planet 9 Adam Port,19,10127,N
2,(F) Planet 9,Adam Port,https://www.beatport.com/track/never-sax-enough/21630078,21630078,Never Sax Enough Iglesias Remix,"Fer BR, Iglesias, Sax Enough Iglesias",Eb Major,5B,2025,130,Sound D’Elite,"Tech House, House, UK Garage / Bassline",,2025-10-03,24.390243902439025,26,25.1,0,0,23.1,N,guard_low_artist_high_title_required,1,(F) Planet 9 Adam Port,23,6728,N
2,(F) Planet 9,Adam Port,https://www.beatport.com/track/tequila-y-limon/20813056,20813056,Tequila y Limon Extended Mix,"Kalma, JOHN ELLE, Elilluminari, Rubens Vibes",Ab Major,4B,2025,124,Club Bad Records,"Afro House, Afro House|Afro Melodic, Afro House|Afro / Latin",,2025-08-08,24.0,28,25.8,0,0,1.8,N,guard_low_artist_high_title_required,1,(F) Planet 9 Adam Port,21,8651,N
2,(F) Planet 9,Adam Port,https://www.beatport.com/track/wheres-the-party-at/21993438,21993438,Where's The Party At? Original Mix,"Locky, Luke Dean",Eb Minor,2A,2025,132,Dance Traxx LDN,"UK Garage / Bassline, House, UK Garage / Bassline|UK Garage, Tech House, Breaks / Breakbeat / UK Bass",,2025-10-17,26.66666666666667,33,29.5,0,0,-1.5,N,guard_low_artist_high_title_required,1,(F) Planet 9 Adam Port,26,5558,N
2,(F) Planet 9,Adam Port,https://www.beatport.com/track/hot-line-84/21068486,21068486,Hot Line 84' Extended Mix,Moontalk,F Minor,4A,2025,128,PlanetX,Indie Dance,,2025-09-05,47.61904761904762,35,41.9,0,0,20.9,N,guard_low_artist_high_title_required,1,(F) Planet 9 Adam Port,24,8656,N
2,(F) Planet 9,Adam Port,https://www.beatport.com/track/no-hesitating/21870256,21870256,No Hesitating Original Mix,Joe Rolét,F Minor,4A,2025,130,Hot Creations,"House, Minimal / Deep Tech|Deep Tech, UK Garage / Bassline, Deep House, UK Garage / Bassline|UK Garage, Minimal / Deep Tech",,2025-10-17,17.391304347826093,33,24.4,0,0,-6.6,N,guard_low_artist_high_title_required,1,(F) Planet 9 Adam Port,27,6775,N
2,(F) Planet 9,Adam Port,https://www.beatport.com/track/pyhu-put-your-hands-up/20969830,20969830,PYHU (Put Your Hands Up) Put Your Hands Up,"Kurd Maverick, Hugel",Eb Major,5B,2025,123,Cr2 Records,"Afro House, Afro House|Afro Melodic, Afro House|Afro / Latin, Melodic House & Techno",,2025-10-03,18.75,27,22.5,0,0,9.5,N,guard_low_artist_high_title_required,1,(F) Planet 9 Adam Port,28,8476,N
2,(F) Planet 9,Adam Port,https://www.beatport.com/track/supa-smoov/21993437,21993437,Supa Smoov Original Mix,"Locky, Luke Dean",F Major,7B,2025,132,Dance Traxx LDN,"House, UK Garage / Bassline, Minimal / Deep Tech|Deep Tech, UK Garage / Bassline|UK Garage, Minimal / Deep Tech",,2025-10-17,30.0,33,31.4,0,0,0.4,N,guard_low_artist_high_title_required,1,(F) Planet 9 Adam Port,29,6207,N
2,(F) Planet 9,Adam Port,https://www.beatport.com/track/rock-rule/21622545,21622545,Rock & Rule Extended Mix,Dennis Quin,A Minor,8A,2025,132,EARDRUMS,"UK Garage / Bassline, Breaks / Breakbeat / UK Bass, House, UK Garage / Bassline|UK Garage, Tech House",,2025-10-17,38.095238095238095,20,30.0,0,0,9.0,N,guard_artist_sim_no_overlap,1,(F) Planet 9 Adam Port,36,4983,N
2,(F) Planet 9,Adam Port,https://www.beatport.com/track/lady-hear-me-tonight-remix/21628116,21628116,Lady (Hear Me Tonight) - Remix Extended,"Modjo, Sparrow & Barbossa, Koshi, Daymaan",Bb Minor,3A,2025,120,Kitsune Musique,"Afro House|Afro Melodic, Afro House, Afro House|Afro / Latin",,2025-09-26,26.66666666666667,37,31.3,0,0,29.3,N,guard_low_artist_high_title_required,1,(F) Planet 9 Adam Port,32,7414,N
2,(F) Planet 9,Adam Port,https://www.beatport.com/track/gets-like-that/21630256,21630256,Gets Like That Extended,"Max Dean, Luke Dean",Eb Major,5B,2025,130,DX3N,"House, Deep House, Tech House, Minimal / Deep Tech|Minimal House",,2025-09-19,30.303030303030297,35,32.4,0,0,19.4,N,guard_low_artist_high_title_required,1,(F) Planet 9 Adam Port,31,7682,N
2,(F) Planet 9,Adam Port,https://www.beatport.com/track/come-find-me/22178287,22178287,Come Find Me Acapella,"MK, Clementine Douglas",C Major,8B,2025,87,Columbia (Sony),Dance / Pop,,2025-10-13,32.25806451612904,22,27.6,0,0,52.6,N,guard_artist_sim_no_overlap,1,(F) Planet 9 Adam Port,37,5805,N
2,(F) Planet 9,Adam Port,https://www.beatport.com/track/murder-mystery/21592952,21592952,Murder Mystery Original Mix,Jamie Jones,Eb Minor,2A,2025,128,Hot Creations,"Tech House, House",,2025-10-03,16.66666666666667,40,27.2,0,0,-3.8,N,guard_short_title_high_floor,1,(F) Planet 9 Adam Port,30,10229,N
2,(F) Planet 9,Adam Port,https://www.beatport.com/track/galvanize/21200241,21200241,Galvanize Chris Lake Extended Mix,"Chris Lake, The Chemical Brothers",G Major,9B,2025,128,Positiva,Dance / Pop,,2025-08-29,33.33333333333333,20,27.3,0,0,6.3,N,guard_artist_sim_no_overlap,1,(F) Planet 9 Adam Port,35,9309,N
2,(F) Planet 9,Adam Port,https://www.beatport.com/track/space-pump/21026596,21026596,Space Pump (Space Jam) (Extended Mix),Vinter (BR),B Minor,10A,2025,128,Nervous Records,"House, Tech House, Deep House, Minimal / Deep Tech|Minimal House, Funky House, Tech House|Latin Tech",,2025-08-29,41.666666666666664,22,32.8,0,0,11.8,N,guard_artist_sim_no_overlap,1,(F) Planet 9 Adam Port,34,10074,N
2,(F) Planet 9,Adam Port,https://www.beatport.com/track/scream/22049145,22049145,Scream! Original Mix,CHASEWEST,G Major,9B,2025,129,Solid Grooves Records,"Tech House, House",,2025-10-17,12.5,22,16.8,0,0,-14.2,N,guard_artist_sim_no_overlap,1,(F) Planet 9 Adam Port,38,5989,N
2,(F) Planet 9,Adam Port,https://www.beatport.com/track/edge-of-desire/20625808,20625808,Edge of Desire Extended Mix,"Jonas Blue, Malive",G Major,9B,2025,123,Defected,"House, Tech House, Deep House, Tech House|Latin Tech",,2025-07-18,16.66666666666667,21,18.6,0,0,43.6,N,guard_artist_sim_no_overlap,1,(F) Planet 9 Adam Port,33,11213,N
2,(F) Planet 9,Adam Port,https://www.beatport.com/track/it-gets-better/22019627,22019627,It Gets Better Chris Stussy Remix,"Chris Stussy, Kettama, Better Chris Stussy",Bb Minor,3A,2025,136,Steel City Dance Discs,Dance / Pop,,2025-10-17,18.604651162790702,25,21.5,0,0,19.5,N,guard_low_artist_high_title_required,1,(F) Planet 9 Adam Port,41,6196,N
2,(F) Planet 9,Adam Port,https://www.beatport.com/track/call-you-back/22009082,22009082,Call You Back Extended Mix,"Layton Giordani, Be No Rain, GENESI (ITA)",A Major,11B,2025,130,MADMINDS,"Tech House, Bass House, House",,2025-10-17,17.391304347826093,33,24.4,0,0,0.4,N,guard_low_artist_high_title_required,1,(F) Planet 9 Adam Port,40,6856,N
2,(F) Planet 9,Adam Port,https://www.beatport.com/track/aint-nobody/21357834,21357834,Ain't Nobody Extended Mix,"Mr. Belt & Wezol, RUZE",Eb Minor,2A,2025,128,The Cuckoo's Nest,"House, Deep House, Tech House, Minimal / Deep Tech|Minimal House, UK Garage / Bassline",,2025-09-12,27.272727272727266,25,26.2,0,0,2.2,N,guard_low_artist_high_title_required,1,(F) Planet 9 Adam Port,42,7085,N
2,(F) Planet 9,Adam Port,https://www.beatport.com/track/come-with-it/21762432,21762432,Come With It Original Mix,Selecta J-Man,F Major,7B,2025,88,Born On Road,"Drum & Bass, Drum & Bass|Jump Up, Drum & Bass|Jungle",,2025-10-10,27.272727272727266,27,27.1,0,0,-3.9,N,guard_low_artist_high_title_required,1,(F) Planet 9 Adam Port,43,6085,N
2,(F) Planet 9,Adam Port,https://www.beatport.com/track/4-ya-mind/21359754,21359754,4 Ya Mind Original Mix,"AYYBO, Discip",C Major,8B,2025,128,Solid Grooves Records,"Minimal / Deep Tech|Deep Tech, House, Minimal / Deep Tech, Deep House",,2025-09-19,31.578947368421055,28,30.0,0,0,-1.0,N,guard_low_artist_high_title_required,1,(F) Planet 9 Adam Port,39,9507,N
2,(F) Planet 9,Adam Port,https://www.beatport.com/track/you-me/21879604,21879604,You & Me Extended Mix,Max Styler,F Major,7B,2025,127,Nu Moda,"Indie Dance, House",,2025-10-17,22.22222222222223,31,26.2,0,0,5.2,N,guard_low_artist_high_title_required,1,(F) Planet 9 Adam Port,44,7279,N
2,(F) Planet 9,Adam Port,https://www.beatport.com/track/where-you-are/22095333,22095333,Where You Are Millero Extended Remix,"John Summit, HAYLA, Millero",A Minor,8A,2025,126,Experts Only,"Indie Dance, House, Funky House",,2025-10-09,17.391304347826093,28,22.2,0,0,20.2,N,guard_low_artist_high_title_required,1,(F) Planet 9 Adam Port,47,5819,N
2,(F) Planet 9,Adam Port,https://www.beatport.com/track/up-down/21302857,21302857,Up Down Extended Mix,"TyriqueOrDie, bradeazy",Eb Minor,2A,2025,130,Boom Records LLC,"Bass House, Tech House",,2025-09-05,23.529411764705884,35,28.7,0,0,7.7,N,guard_low_artist_high_title_required,1,(F) Planet 9 Adam Port,48,6821,N
2,(F) Planet 9,Adam Port,https://www.beatport.com/track/system/21251156,21251156,System Extended Mix,"Odd Mob, OMNOM, HYPERBEAM",E Major,12B,2025,130,Insomniac Records,"Tech House, Bass House, House",,2025-09-05,12.5,37,23.5,0,0,-0.5,N,guard_low_artist_high_title_required,1,(F) Planet 9 Adam Port,45,9481,N
2,(F) Planet 9,Adam Port,https://www.beatport.com/track/dame-un-grrr-provi-remix/21250305,21250305,Dame Un Grrr (Provi Remix) Extended Mix,"Kate Linn, Provi, Fantomel",Gb Minor,11A,2025,123,Make The Girls Dance Records,"Afro House|Afro Melodic, Afro House, Afro House|Afro / Latin",,2025-08-22,23.529411764705884,28,25.5,0,0,1.5,N,guard_low_artist_high_title_required,1,(F) Planet 9 Adam Port,46,9898,N
2,(F) Planet 9,Adam Port,https://www.beatport.com/track/original-don/21538033,21538033,Original Don Extended Mix,"Sub Focus, Irah, Fireboy DML",F Minor,4A,2025,87,Positiva,Drum & Bass,,2025-09-19,18.181818181818187,40,28.0,0,0,4.0,N,guard_short_title_high_floor,1,(F) Planet 9 Adam Port,50,7628,N
2,(F) Planet 9,Adam Port,https://www.beatport.com/track/not-gonna-be-your-boo/21587292,21587292,Not Gonna Be Your Boo Extended Mix,"Robin S, Cloonee",E Minor,9A,2025,132,Hellbent Records,"Tech House, House, UK Garage / Bassline",,2025-09-19,32.25806451612904,12,23.1,0,0,2.1,N,guard_artist_sim_no_overlap,1,(F) Planet 9 Adam Port,49,8184,N
2,(F) Planet 9,Adam Port,https://www.beatport.com/track/like-i-like-it/20505201,20505201,Like I Like It Original Mix,Mau P,Ab Major,4B,2025,128,Diynamic,"Tech House, House, Tech House|Latin Tech",,2025-05-23,42.10526315789474,42,42.1,0,0,11.1,N,guard_short_title_high_floor,1,(F) Planet 9 Adam Port,51,10600,N
2,(F) Planet 9,Adam Port,https://www.beatport.com/track/verano-en-ny/20564331,20564331,Verano En NY Original Mix,Toman,G Major,9B,2025,126,Solid Grooves Records,"Tech House|Latin Tech, Tech House, House",,2025-06-27,36.36363636363637,14,26.3,0,0,-4.7,N,guard_artist_sim_no_overlap,1,(F) Planet 9 Adam Port,52,10821,N
2,(F) Planet 9,Adam Port,https://www.beatport.com/track/no-broke-boys/20601832,20601832,No Broke Boys Extended,"Tinashe, Disco Lines",B Major,1B,2025,131,GoodGood/NiceLife/Atlantic,Dance / Pop,,2025-06-06,25.0,20,22.8,0,0,9.8,N,guard_artist_sim_no_overlap,1,(F) Planet 9 Adam Port,53,10614,N
2,(F) Planet 9,Adam Port,https://www.beatport.com/track/one2three/21782790,21782790,one2three Extended Mix,"Chris Lake, Disclosure, Leven Kali",D Minor,7A,2025,130,Disorder,"House, Tech House, UK Garage / Bassline",,2025-09-26,31.578947368421055,31,31.3,0,0,7.3,N,guard_low_artist_high_title_required,1,(F) Planet 9 Adam Port,56,7462,N
2,(F) Planet 9,Adam Port,https://www.beatport.com/track/das-da-shi/21993440,21993440,Das Da Shi Original Mix,"Locky, Luke Dean",F Minor,4A,2025,135,Dance Traxx LDN,"Breaks / Breakbeat / UK Bass, UK Garage / Bassline, UK Garage / Bassline|UK Garage",,2025-10-17,20.0,33,25.9,0,0,-5.1,N,guard_low_artist_high_title_required,1,(F) Planet 9 Adam Port,58,5356,N
2,(F) Planet 9,Adam Port,https://www.beatport.com/track/monologue/20962298,20962298,Monologue Extended Mix,Bonafique,A Minor,8A,2025,125,Get Physical Music,Indie Dance,,2025-09-10,21.05263157894737,11,16.5,0,0,-4.5,N,guard_artist_sim_no_overlap,1,(F) Planet 9 Adam Port,54,9334,N
2,(F) Planet 9,Adam Port,https://www.beatport.com/track/intergalactic/21994568,21994568,Intergalactic Original Mix,GIGSTA,F Minor,4A,2025,132,Heavy House Society,"Minimal / Deep Tech|Deep Tech, House, Minimal / Deep Tech",,2025-10-17,26.086956521739125,13,20.2,0,0,-10.8,N,guard_artist_sim_no_overlap,1,(F) Planet 9 Adam Port,60,6305,N
2,(F) Planet 9,Adam Port,https://www.beatport.com/track/cola/20790162,20790162,Cola ARTBAT Extended Remix,"CamelPhat, Elderbrook, ARTBAT",F Minor,4A,2025,125,Defected,"Tech House, House, Tech House|Latin Tech",,2025-08-08,27.77777777777777,44,35.1,0,0,33.1,N,guard_short_title_high_floor,1,(F) Planet 9 Adam Port,55,10999,N
2,(F) Planet 9,Adam Port,https://www.beatport.com/track/focus-feat-cloves/22095335,22095335,Focus feat. CLOVES EdiP Extended Remix,"John Summit, cloves, EdiP",Gb Minor,11A,2025,130,Experts Only,"Tech House, House, Bass House, UK Garage / Bassline",,2025-10-09,13.333333333333329,30,20.8,0,0,42.8,N,guard_low_artist_high_title_required,1,(F) Planet 9 Adam Port,59,6984,N
2,(F) Planet 9,Adam Port,https://www.beatport.com/track/cloudy-eyes/21633281,21633281,Cloudy Eyes (Dance Tonight),"Keinemusik, Jesse Boykins III, Reznik (DE)",F Minor,4A,2025,122,VOD,"Melodic House & Techno, Afro House, Afro House|Afro Melodic, Melodic House & Techno|Melodic House",,2025-09-26,28.57142857142857,33,30.6,0,0,14.6,N,guard_low_artist_high_title_required,1,(F) Planet 9 Adam Port,57,10678,N
2,(F) Planet 9,Adam Port,https://www.beatport.com/track/dubplate-style/21993439,21993439,Dubplate Style Original Mix,"Locky, Luke Dean",E Minor,9A,2025,132,Dance Traxx LDN,"UK Garage / Bassline, Breaks / Breakbeat / UK Bass, UK Garage / Bassline|UK Garage, Tech House, House",,2025-10-17,41.666666666666664,33,37.8,0,0,6.8,N,guard_low_artist_high_title_required,1,(F) Planet 9 Adam Port,62,6146,N
2,(F) Planet 9,Adam Port,https://www.beatport.com/track/waitin/22178138,22178138,Waitin' Extended Mix,HotLap,Gb Major,2B,2025,122,7CULT,"House, Tech House, Deep House, Indie Dance, Minimal / Deep Tech",,2025-10-10,25.0,26,25.5,0,0,4.5,N,guard_low_artist_high_title_required,1,(F) Planet 9 Adam Port,66,6478,N
2,(F) Planet 9,Adam Port,https://www.beatport.com/track/whats-a-girl-to-do-in-25-extended/21675756,21675756,What's a Girl to Do in '25 (Extended) Extended,KI/KI,Bb Minor,3A,2025,146,Disorder,"Trance (Main Floor), Trance (Main Floor)|Hard Trance, Psy-Trance",,2025-09-12,22.727272727272734,0,12.5,0,0,-0.5,N,guard_artist_sim_no_overlap,1,(F) Planet 9 Adam Port,63,7584,N
2,(F) Planet 9,Adam Port,https://www.beatport.com/track/be-there/21622546,21622546,Be There Extended Mix,Dennis Quin,G Minor,6A,2025,130,EARDRUMS,"Minimal / Deep Tech|Deep Tech, House, Minimal / Deep Tech",,2025-10-17,22.22222222222223,20,21.2,0,0,0.2,N,guard_artist_sim_no_overlap,1,(F) Planet 9 Adam Port,67,5292,N
2,(F) Planet 9,Adam Port,https://www.beatport.com/track/my-mind/22189969,22189969,My Mind Extended Mix,"Korolova, JOA (US)",Eb Major,5B,2025,128,Experts Only,"Melodic House & Techno, Melodic House & Techno|Melodic Techno",,2025-10-17,11.764705882352942,26,18.2,0,0,-2.8,N,guard_low_artist_high_title_required,1,(F) Planet 9 Adam Port,61,8314,N
2,(F) Planet 9,Adam Port,https://www.beatport.com/track/shook-ones-pt-iii/21312385,21312385,"Shook Ones, Pt. III Extended",HNTR,Bb Major,6B,2025,132,Kinetica Records,Techno (Peak Time / Driving),,2025-09-12,27.77777777777777,15,22.0,0,0,9.0,N,guard_artist_sim_no_overlap,1,(F) Planet 9 Adam Port,65,8921,N
2,(F) Planet 9,Adam Port,https://www.beatport.com/track/deeplow/21878783,21878783,Deeplow Original Mix,"Sama (US), Serve Cold",E Major,12B,2025,123,Places & Spaces,"Melodic House & Techno, Afro House, Melodic House & Techno|Melodic House",,2025-10-10,23.529411764705884,37,29.6,0,0,-1.4,N,guard_low_artist_high_title_required,1,(F) Planet 9 Adam Port,68,6977,N
2,(F) Planet 9,Adam Port,https://www.beatport.com/track/get-ready/21587379,21587379,Get Ready Original Mix,Easttown,Db Major,3B,2025,132,Cecille,"Jackin House, House",,2025-10-10,21.05263157894737,23,21.9,0,0,-9.1,N,guard_artist_sim_no_overlap,1,(F) Planet 9 Adam Port,69,7487,N
2,(F) Planet 9,Adam Port,https://www.beatport.com/track/get-stupid/20889654,20889654,Get Stupid Original Mix,Julian Fijma,Eb Major,5B,2025,130,tszr,"Minimal / Deep Tech|Minimal House, House, Deep House",,2025-08-08,20.0,19,19.6,0,0,-11.4,N,guard_artist_sim_no_overlap,1,(F) Planet 9 Adam Port,64,10984,N
2,(F) Planet 9,Adam Port,https://www.beatport.com/track/wannabe/21543920,21543920,Wannabe Extended Mix,Volac,G Major,9B,2025,128,The Myth of NYX,"Bass House, Tech House, House",,2025-09-26,35.294117647058826,14,25.7,0,0,4.7,N,guard_artist_sim_no_overlap,1,(F) Planet 9 Adam Port,71,7866,N
2,(F) Planet 9,Adam Port,https://www.beatport.com/track/do-it-again/21490688,21490688,Do It Again Original Mix,Betical,E Major,12B,2025,122,Tomorrowland Music,"Melodic House & Techno, Afro House|Afro Melodic, Melodic House & Techno|Melodic House, Afro House",,2025-09-26,28.57142857142857,12,21.1,0,0,-9.9,N,guard_artist_sim_no_overlap,1,(F) Planet 9 Adam Port,70,9632,N
2,(F) Planet 9,Adam Port,https://www.beatport.com/track/the-heads-that-know-feat-comma-dee/21586075,21586075,The Heads That Know (feat. Comma Dee) Original Mix,"Charlotte de Witte, Comma Dee",G Minor,6A,2025,138,KNTXT,Techno (Peak Time / Driving),,2025-10-02,27.58620689655173,29,28.2,0,0,-2.8,N,guard_low_artist_high_title_required,1,(F) Planet 9 Adam Port,75,7515,N
2,(F) Planet 9,Adam Port,https://www.beatport.com/track/serious/21990317,21990317,Serious Extended Mix,"Obskür, Omar+",G Major,9B,2025,132,Disorder,"House, Minimal / Deep Tech, Deep House, Tech House, UK Garage / Bassline",,2025-10-10,11.764705882352942,30,20.0,0,0,-1.0,N,guard_low_artist_high_title_required,1,(F) Planet 9 Adam Port,77,7223,N
2,(F) Planet 9,Adam Port,https://www.beatport.com/track/gimme-that-money/21605812,21605812,Gimme That Money Extended Mix,Wax Motif,C Minor,5A,2025,128,Divided Souls,"Bass House, Tech House, House",,2025-09-26,30.769230769230774,33,31.8,0,0,10.8,N,guard_low_artist_high_title_required,1,(F) Planet 9 Adam Port,76,7756,N
2,(F) Planet 9,Adam Port,https://www.beatport.com/track/power/20692753,20692753,Power Original Mix,Babes on the Run,Db Major,3B,2025,128,PornoStar Records,"Funky House, House",,2025-07-11,26.66666666666667,40,32.7,0,0,1.7,N,guard_short_title_high_floor,1,(F) Planet 9 Adam Port,73,9504,N
2,(F) Planet 9,Adam Port,https://www.beatport.com/track/walking-on-a-dream/20832384,20832384,Walking On A Dream BLOND:ISH Extended Remix,"Empire Of The Sun, BLOND:ISH",F Minor,4A,2025,127,EMI Music Australia,Dance / Pop,,2025-07-28,18.867924528301884,30,23.9,0,0,24.9,N,guard_low_artist_high_title_required,1,(F) Planet 9 Adam Port,72,11096,N
2,(F) Planet 9,Adam Port,https://www.beatport.com/track/crystallized-feat-inez/22095332,22095332,crystallized feat. Inéz Playa Dub,"Inez, John Summit",F Major,7B,2025,128,Experts Only,"Melodic House & Techno, Afro House, Afro House|Afro Melodic, Melodic House & Techno|Melodic House",,2025-10-09,18.181818181818187,20,19.0,0,0,16.0,N,guard_artist_sim_no_overlap,1,(F) Planet 9 Adam Port,79,7496,N
2,(F) Planet 9,Adam Port,https://www.beatport.com/track/londons-on-fire/20601589,20601589,London's On Fire Extended Mix,"Audio Bullys, Chris Lorenzo, Max Styler",D Major,10B,2025,130,Black Book Records,"Tech House, Tech House|Latin Tech, Bass House, House",,2025-07-04,30.769230769230774,31,30.9,0,0,52.9,N,guard_low_artist_high_title_required,1,(F) Planet 9 Adam Port,74,13144,N
2,(F) Planet 9,Adam Port,https://www.beatport.com/track/liquor-store/20895024,20895024,Liquor Store Extended Mix,"Nate Dogg, Kolter",E Major,12B,2025,131,Disorder,"House, Minimal / Deep Tech|Minimal House, Tech House, Deep House, Tech House|Latin Tech",,2025-08-08,18.181818181818187,33,24.9,0,0,3.9,N,guard_low_artist_high_title_required,1,(F) Planet 9 Adam Port,78,12576,N
2,(F) Planet 9,Adam Port,https://www.beatport.com/track/when-it-kicks/21295790,21295790,When It Kicks Extended Mix,"Green Velvet, Layton Giordani",Eb Minor,2A,2025,129,MADMINDS,"Tech House, House, Bass House",,2025-09-05,26.086956521739125,33,29.2,0,0,8.2,N,guard_low_artist_high_title_required,1,(F) Planet 9 Adam Port,81,12112,N
2,(F) Planet 9,Adam Port,https://www.beatport.com/track/boom/21809392,21809392,BOOM Original Mix,"Argy, John Cala",B Major,1B,2025,124,NEWORLD,"Melodic House & Techno, Melodic House & Techno|Melodic House, Melodic House & Techno|Melodic Techno",,2025-10-10,0.0,44,19.8,0,0,-11.2,N,guard_short_title_high_floor,1,(F) Planet 9 Adam Port,85,11038,N
2,(F) Planet 9,Adam Port,https://www.beatport.com/track/sweet-nothing/21111811,21111811,Sweet Nothing 2025 Edit,"Calvin Harris, D.O.D",Ab Minor,1A,2025,130,Sony Music CG,Dance / Pop,,2025-08-22,28.57142857142857,50,38.2,0,0,25.2,N,guard_short_title_high_floor,1,(F) Planet 9 Adam Port,82,13617,N
2,(F) Planet 9,Adam Port,https://www.beatport.com/track/get-a-good-feeling/21588648,21588648,Get A Good Feeling Extended Mix,1991,Eb Major,5B,2025,87,I99I,Drum & Bass,,2025-09-26,42.857142857142854,0,23.6,0,0,48.6,N,guard_artist_sim_no_overlap,1,(F) Planet 9 Adam Port,86,10807,N
2,(F) Planet 9,Adam Port,https://www.beatport.com/track/if-u-ever/20778427,20778427,If U Ever Original Mix,"Meloko, Konvex (FR), Garla",E Major,12B,2025,124,Maccabi House,"Melodic House & Techno, Melodic House & Techno|Melodic House, Afro House",,2025-08-29,31.578947368421055,28,30.0,0,0,52.0,N,guard_low_artist_high_title_required,1,(F) Planet 9 Adam Port,80,15762,N
2,(F) Planet 9,Adam Port,https://www.beatport.com/track/side-man/20896215,20896215,Side Man Extended Mix,"Juos, Techno Tupac",E Major,12B,2025,130,THRIVE MUSIC,"Bass House, Tech House, House",,2025-08-22,33.33333333333333,19,26.9,0,0,5.9,N,guard_artist_sim_no_overlap,1,(F) Planet 9 Adam Port,83,13257,N
2,(F) Planet 9,Adam Port,https://www.beatport.com/track/what-a-life/22095334,22095334,What A Life OMRI. Extended Remix,"Stevie Appleton, John Summit, GUZ (NL), OMRI.",G Minor,6A,2025,126,Experts Only,"House, Indie Dance, Bass House, Tech House, UK Garage / Bassline",,2025-10-09,24.390243902439025,33,28.3,0,0,50.3,N,guard_low_artist_high_title_required,1,(F) Planet 9 Adam Port,88,10083,N
2,(F) Planet 9,Adam Port,https://www.beatport.com/track/unique/21587378,21587378,Unique Original Mix,Easttown,D Minor,7A,2025,130,Cecille,"House, Deep House, Tech House|Latin Tech, Funky House",,2025-10-10,25.0,23,24.1,0,0,-6.9,N,guard_artist_sim_no_overlap,1,(F) Planet 9 Adam Port,87,13250,N
2,(F) Planet 9,Adam Port,https://www.beatport.com/track/sahara/21388546,21388546,Sahara Original Mix,Sllash & Doppe,Db Minor,12A,2025,122,MoBlack Records,"Afro House, Afro House|Afro Melodic, Afro House|Afro / Latin",,2025-09-12,12.5,28,19.5,0,0,-11.5,N,guard_low_artist_high_title_required,1,(F) Planet 9 Adam Port,84,15256,N
2,(F) Planet 9,Adam Port,https://www.beatport.com/track/think-about-us/22203336,22203336,Think About Us Extended Mix,"Sonny Fodera, D.O.D, Poppy Baskcomb",Bb Minor,3A,2025,128,SOLOTOKO,Dance / Pop,,2025-10-17,16.66666666666667,50,31.7,0,0,7.7,N,guard_short_title_high_floor,1,(F) Planet 9 Adam Port,89,10615,N
2,(F) Planet 9,Adam Port,https://www.beatport.com/track/the-finest/21630255,21630255,The Finest Extended,"Max Dean, Luke Dean",Ab Minor,1A,2025,132,DX3N,"House, Deep House, Minimal / Deep Tech|Deep Tech, Minimal / Deep Tech|Minimal House",,2025-09-19,34.48275862068965,35,34.7,0,0,59.7,N,guard_low_artist_high_title_required,1,(F) Planet 9 Adam Port,91,11354,N
2,(F) Planet 9,Adam Port,https://www.beatport.com/track/try-change-me/21994566,21994566,Try Change Me Original Mix,GIGSTA,C Minor,5A,2025,132,Heavy House Society,"Minimal / Deep Tech|Deep Tech, Minimal / Deep Tech, House",,2025-10-17,34.78260869565217,13,25.0,0,0,-6.0,N,guard_artist_sim_no_overlap,1,(F) Planet 9 Adam Port,94,10712,N
2,(F) Planet 9,Adam Port,https://www.beatport.com/track/coco-loco/21876090,21876090,Coco Loco Extended Mix,"Eran Hersh, Tekkman, Juany Bravo",Gb Minor,11A,2025,123,Make The Girls Dance Records,"Afro House|Afro / Latin, Afro House, Melodic House & Techno",,2025-10-10,21.05263157894737,31,25.5,0,0,1.5,N,guard_low_artist_high_title_required,1,(F) Planet 9 Adam Port,93,12152,N
2,(F) Planet 9,Adam Port,https://www.beatport.com/track/take-over-control-feat-eva-simons-hills-remix/22010397,22010397,Take Over Control (feat. Eva Simons) [HILLS Remix] feat. Eva Simons,"Afrojack, Eva Simons, HILLS (US), HILLS",C Minor,5A,2025,130,SPINNIN' RECORDS,"House, Bass House, Tech House, Deep House, UK Garage / Bassline",,2025-10-17,20.51282051282051,31,25.2,0,0,23.2,N,guard_low_artist_high_title_required,1,(F) Planet 9 Adam Port,97,9517,N
2,(F) Planet 9,Adam Port,https://www.beatport.com/track/girls-mia-feat-carly-gibert/21774342,21774342,Girls MIA feat. Carly Gibert Extended Mix,"Adam Sellouk, Anyma (ofc), Carly Gibert",D Major,10B,2025,132,Afterlife Records,"Melodic House & Techno, Melodic House & Techno|Melodic Techno",,2025-09-19,21.05263157894737,61,39.0,0,0,15.0,N,guard_short_title_high_floor,1,(F) Planet 9 Adam Port,90,15356,N
2,(F) Planet 9,Adam Port,https://www.beatport.com/track/get-close/21676856,21676856,Get Close Original Mix,Cam Stockman,Eb Minor,2A,2025,131,Solid Grooves Raw,"Minimal / Deep Tech|Deep Tech, House, Deep House, Minimal / Deep Tech|Minimal House",,2025-10-03,31.578947368421055,38,34.5,0,0,3.5,N,guard_low_artist_high_title_required,1,(F) Planet 9 Adam Port,98,11522,N
2,(F) Planet 9,Adam Port,https://www.beatport.com/track/cant-decide/20515390,20515390,Can't Decide Extended,"Max Dean, Luke Dean, Locky (UK)",Ab Major,4B,2025,130,neXup recz,"Deep House, Minimal / Deep Tech|Minimal House, House",,2025-05-23,32.25806451612904,35,33.5,0,0,17.5,N,guard_low_artist_high_title_required,1,(F) Planet 9 Adam Port,92,16642,N
2,(F) Planet 9,Adam Port,https://www.beatport.com/track/get-em-up/21805716,21805716,Get Em Up Original Mix,"Jamek Ortega, JUNO (DE)",Ab Major,4B,2025,121,Magnifik Music,"Afro House, Afro House|Afro / Latin, Afro House|Afro Melodic",,2025-09-26,31.578947368421055,57,43.0,0,0,12.0,N,guard_short_title_high_floor,1,(F) Planet 9 Adam Port,95,16751,N
2,(F) Planet 9,Adam Port,https://www.beatport.com/track/wtf/20796447,20796447,WTF Original Mix,SCRIPT,F Minor,4A,2025,130,tszr,"Tech House, House, Bass House",,2025-08-01,15.384615384615387,26,20.2,0,0,45.2,N,guard_low_artist_high_title_required,1,(F) Planet 9 Adam Port,96,17356,N
2,(F) Planet 9,Adam Port,https://www.beatport.com/track/worlds-apart/21809459,21809459,Worlds Apart Original Mix,Guy J,A Minor,8A,2025,122,Early Morning,Progressive House,,2025-09-26,27.272727272727266,14,21.3,0,0,-9.7,N,guard_artist_sim_no_overlap,1,(F) Planet 9 Adam Port,99,15491,N
2,(F) Planet 9,Adam Port,https://www.beatport.com/track/girlboss/21588581,21588581,GIRLBOSS Extended Mix,Sara Landry,Bb Minor,3A,2025,160,Insomniac Records,"Hard Dance / Hardcore / Neo Rave|Neo Rave, Hard Dance / Hardcore / Neo Rave",,2025-10-10,11.111111111111114,40,24.1,0,0,3.1,N,guard_short_title_high_floor,1,(F) Planet 9 Adam Port,101,9153,N
2,(F) Planet 9,Adam Port,https://www.beatport.com/track/searching/21893019,21893019,Searching Extended Mix,"Sam Silver, Kelland",Gb Minor,11A,2025,130,Catch & Release,"Tech House, Tech House|Latin Tech, Bass House",,2025-10-10,21.05263157894737,42,30.5,0,0,9.5,N,guard_short_title_high_floor,1,(F) Planet 9 Adam Port,102,10735,N
2,(F) Planet 9,Adam Port,https://www.beatport.com/track/badness/21887184,21887184,Badness Break Remix,"Zoro, Addicted, Break, Badness Break",F Minor,4A,2025,88,Computer Integrated Audio,"Drum & Bass, Drum & Bass|Liquid",,2025-10-10,20.689655172413794,36,27.6,0,0,25.6,N,guard_low_artist_high_title_required,1,(F) Planet 9 Adam Port,103,10806,N
2,(F) Planet 9,Adam Port,https://www.beatport.com/track/stay-with-me/22095337,22095337,Stay With Me Mishell Extended Remix,"John Summit, Mishell",D Minor,7A,2025,95,Experts Only,"Melodic House & Techno, Melodic House & Techno|Melodic House, Afro House, Afro House|Afro Melodic",,2025-10-09,22.22222222222223,20,21.2,0,0,22.2,N,guard_artist_sim_no_overlap,1,(F) Planet 9 Adam Port,104,10708,N
2,(F) Planet 9,Adam Port,https://www.beatport.com/track/925/21279414,21279414,925 Extended Mix,"Chris Lake, Sammy Virji, RoRo",G Minor,6A,2025,132,Capitol Records UK,"UK Garage / Bassline, House, Tech House, UK Garage / Bassline|UK Garage, Bass House",,2025-08-22,15.384615384615387,40,26.5,0,0,2.5,N,guard_short_title_high_floor,1,(F) Planet 9 Adam Port,100,14793,N
2,(F) Planet 9,Adam Port,https://www.beatport.com/track/off-the-clock/21588214,21588214,Off The Clock Extended Mix,Discip,Db Minor,12A,2025,128,Insomniac Records,"Tech House, Bass House, House, Tech House|Latin Tech",,2025-10-17,34.78260869565217,26,30.8,0,0,55.8,N,guard_low_artist_high_title_required,1,(F) Planet 9 Adam Port,106,9914,N
2,(F) Planet 9,Adam Port,https://www.beatport.com/track/psycho/21904323,21904323,PSYCHO Original Mix,"Sarah De Warren, Charles D (USA), KASIA (ofc)",Ab Major,4B,2025,132,Drumcode,"Techno (Peak Time / Driving), Techno (Peak Time / Driving)|Peak Time",,2025-10-03,12.5,44,26.7,0,0,-7.3,N,guard_short_title_high_floor,1,(F) Planet 9 Adam Port,109,10123,N
2,(F) Planet 9,Adam Port,https://www.beatport.com/track/ma-tnsani-yalla-habibi-feat-ayasystem/20088037,20088037,Ma Tnsani (Yalla Habibi) (feat. AYA.SYSTEM) Yalla Habibi,"Vanco, AYA.SYSTEM",Db Minor,12A,2025,120,Afro Republik,"Afro House, Afro House|Afro / Latin, Melodic House & Techno",,2025-04-04,25.0,42,32.7,0,0,19.7,N,guard_short_title_high_floor,1,(F) Planet 9 Adam Port,105,16268,N
2,(F) Planet 9,Adam Port,https://www.beatport.com/track/crystallized-feat-inez/21671109,21671109,crystallized feat. Inéz Extended Mix,"Inez, John Summit",F Minor,4A,2025,128,Experts Only,Dance / Pop,,2025-09-12,18.181818181818187,20,19.0,0,0,-2.0,N,guard_artist_sim_no_overlap,1,(F) Planet 9 Adam Port,111,8372,N
2,(F) Planet 9,Adam Port,https://www.beatport.com/track/tesla/20630687,20630687,TESLA Extended Mix,Mau P,F Major,7B,2025,132,Insomniac Records,"Tech House, House, UK Garage / Bassline, Bass House",,2025-08-08,26.66666666666667,42,33.6,0,0,12.6,N,guard_short_title_high_floor,1,(F) Planet 9 Adam Port,107,13984,N
2,(F) Planet 9,Adam Port,https://www.beatport.com/track/appetite/20450483,20450483,Appetite Extended Mix,Chris Lorenzo,F Major,7B,2025,132,Catch & Release,"Tech House, House, Tech House|Latin Tech",,2025-05-16,33.33333333333333,27,30.5,0,0,9.5,N,guard_low_artist_high_title_required,1,(F) Planet 9 Adam Port,108,14157,N
2,(F) Planet 9,Adam Port,https://www.beatport.com/track/at-night/20661162,20661162,At Night Anyma x Layton Giordani Extended Remix,"Shakedown, Layton Giordani, Anyma (ofc)",F Major,7B,2025,127,Defected,"Melodic House & Techno, Afro House|Afro / Latin, Afro House",,2025-06-27,21.05263157894737,44,31.4,0,0,29.4,N,guard_short_title_high_floor,1,(F) Planet 9 Adam Port,110,13956,N
2,(F) Planet 9,Adam Port,https://www.beatport.com/track/planet-9-original-mix/11126850,11126850,Planet 9 Original Mix,Adam Port,Eb Major,5B,2018,122,Diynamic,"Melodic House & Techno, Organic House, Afro House",,2018-10-19,100.0,100,100.0,0,0,70.5,Y,,2,Adam Port (F) Planet 9,106,3034,Y
6,[8-9] Tighter (CamelPhat Remix),"HOSH, CamelPhat",https://www.beatport.com/track/i-wanna-go/22236530,22236530,I Wanna Go John Summit Extended Remix,"Britney Spears, John Summit",D Minor,7A,2025,138,Experts Only,Dance / Pop,,2025-10-17,37.5,26,32.3,0,0,27.3,N,guard_low_artist_high_title_required,1,[8-9] Tighter (CamelPhat Remix) CamelPhat remix,4,1163,N
6,[8-9] Tighter (CamelPhat Remix),"HOSH, CamelPhat",https://www.beatport.com/track/spaceship/22009896,22009896,Spaceship Extended Mix,Marsolo,F Minor,4A,2025,133,Positiva,"Deep House, House, Minimal / Deep Tech|Deep Tech, Minimal / Deep Tech",,2025-10-17,22.22222222222223,21,21.7,0,0,18.7,N,guard_artist_sim_no_overlap,1,[8-9] Tighter (CamelPhat Remix) CamelPhat remix,9,1729,N
6,[8-9] Tighter (CamelPhat Remix),"HOSH, CamelPhat",https://www.beatport.com/track/cry-for-you/21531599,21531599,Cry For You Extended Mix,SIDEPIECE,E Major,12B,2025,132,LIP SERVICE,Dance / Pop,,2025-09-26,21.05263157894737,18,19.7,0,0,16.7,N,guard_artist_sim_no_overlap,1,[8-9] Tighter (CamelPhat Remix) CamelPhat remix,3,1906,N
6,[8-9] Tighter (CamelPhat Remix),"HOSH, CamelPhat",https://www.beatport.com/track/la-noche/21893118,21893118,LA NOCHE Extended Mix,"Chris Lake, Skrillex, ANITA B QUEEN",Ab Major,4B,2025,127,Black Book Records,"Bass House, Tech House, UK Garage / Bassline, House",,2025-10-03,28.57142857142857,30,29.2,0,0,23.2,N,guard_low_artist_high_title_required,1,[8-9] Tighter (CamelPhat Remix) CamelPhat remix,7,2272,N
6,[8-9] Tighter (CamelPhat Remix),"HOSH, CamelPhat",https://www.beatport.com/track/a-place-you-wanna-go-good-life/21993672,21993672,A Place You Wanna Go (Good Life) Good Life,bullet tooth,B Minor,10A,2025,132,Positiva,"Dance / Pop, Dance / Pop|Pop",,2025-10-03,24.56140350877193,22,23.4,0,0,20.4,N,guard_artist_sim_no_overlap,1,[8-9] Tighter (CamelPhat Remix) CamelPhat remix,10,2524,N
6,[8-9] Tighter (CamelPhat Remix),"HOSH, CamelPhat",https://www.beatport.com/track/love-songs-feat-kosmo-kint/21977538,21977538,Love Songs (feat. Kosmo Kint) Extended Mix,"Prospa, Kosmo Kint",Bb Minor,3A,2025,127,CircoLoco Records,"House, Tech House, Deep House, Minimal / Deep Tech|Minimal House, UK Garage / Bassline",,2025-10-03,21.621621621621628,33,26.7,0,0,23.7,N,guard_low_artist_high_title_required,1,[8-9] Tighter (CamelPhat Remix) CamelPhat remix,2,2946,N
6,[8-9] Tighter (CamelPhat Remix),"HOSH, CamelPhat",https://www.beatport.com/track/diet-coke/22095452,22095452,Diet Coke Extended Mix,Fallon (IE),D Major,10B,2025,128,Experts Only,"Tech House, Bass House, UK Garage / Bassline, House",,2025-10-10,27.77777777777777,18,23.4,0,0,20.4,N,guard_artist_sim_no_overlap,1,[8-9] Tighter (CamelPhat Remix) CamelPhat remix,1,3003,N
6,[8-9] Tighter (CamelPhat Remix),"HOSH, CamelPhat",https://www.beatport.com/track/afterparty/21805588,21805588,Afterparty Extended Mix,"Gaddi, HILLS (US)",Eb Major,5B,2025,132,Catch & Release,"Tech House, Bass House, House",,2025-10-03,32.432432432432435,23,28.2,0,0,25.2,N,guard_artist_sim_no_overlap,1,[8-9] Tighter (CamelPhat Remix) CamelPhat remix,8,3238,N
6,[8-9] Tighter (CamelPhat Remix),"HOSH, CamelPhat",https://www.beatport.com/track/fancy-hit/21309496,21309496,Fancy $hit Extended Mix,"CID, Taylr Renee",F Major,7B,2025,129,Catch & Release,"Tech House, House, Bass House, Tech House|Latin Tech",,2025-09-05,22.22222222222223,10,16.7,0,0,13.7,N,guard_artist_sim_no_overlap,1,[8-9] Tighter (CamelPhat Remix) CamelPhat remix,5,3304,N
6,[8-9] Tighter (CamelPhat Remix),"HOSH, CamelPhat",https://www.beatport.com/track/come-to-ibiza/21913350,21913350,Come To Ibiza Max Dean Remix,"Mason Collective, Timeless oracle, Max Dean, Ibiza Max Dean",E Minor,9A,2025,132,MVSON,"House, Deep House, Minimal / Deep Tech, Tech House",,2025-10-03,47.27272727272727,28,38.6,0,0,30.6,N,guard_low_artist_high_title_required,1,[8-9] Tighter (CamelPhat Remix) CamelPhat remix,11,2343,N
6,[8-9] Tighter (CamelPhat Remix),"HOSH, CamelPhat",https://www.beatport.com/track/love-parade/21774346,21774346,Love Parade Extended Mix,"Da Hool, Cassian, YOTTO",D Major,10B,2025,128,Afterlife Records,"Melodic House & Techno, Afro House, Melodic House & Techno|Melodic House, Afro House|Afro Melodic",,2025-09-19,26.315789473684205,36,30.7,0,0,24.7,N,guard_low_artist_high_title_required,1,[8-9] Tighter (CamelPhat Remix) CamelPhat remix,6,3631,N
6,[8-9] Tighter (CamelPhat Remix),"HOSH, CamelPhat",https://www.beatport.com/track/dr-feel-right-feat-the-egyptian-lover-rome-fortune/21757821,21757821,Dr Feel Right (feat. The Egyptian Lover & Rome Fortune) feat. The Egyptian Lover & Rome Fortune,"The Egyptian Lover, Rome Fortune, Josh Baker",Bb Minor,3A,2025,128,Baker's Dozen,"House, Deep House, Minimal / Deep Tech, UK Garage / Bassline, Minimal / Deep Tech|Deep Tech",,2025-09-26,45.0,37,41.4,0,0,35.4,N,guard_low_artist_high_title_required,1,[8-9] Tighter (CamelPhat Remix) CamelPhat remix,14,4083,N
6,[8-9] Tighter (CamelPhat Remix),"HOSH, CamelPhat",https://www.beatport.com/track/cash-out/20566956,20566956,Cash Out EXTENDED MIX,"Bobby Shmurda, SIDEPIECE",Eb Minor,2A,2025,130,LIP SERVICE,"Tech House, Tech House|Latin Tech, House, Bass House",,2025-06-20,28.57142857142857,28,28.3,0,0,25.3,N,guard_low_artist_high_title_required,1,[8-9] Tighter (CamelPhat Remix) CamelPhat remix,12,4714,N
6,[8-9] Tighter (CamelPhat Remix),"HOSH, CamelPhat",https://www.beatport.com/track/i-like-it/20912581,20912581,I Like It Original Mix,"Loboski, SLESS",F Major,7B,2025,87,Wobbles & Waffles,Drum & Bass,,2025-08-29,27.77777777777777,25,26.5,0,0,23.5,N,guard_low_artist_high_title_required,1,[8-9] Tighter (CamelPhat Remix) CamelPhat remix,16,3761,N
6,[8-9] Tighter (CamelPhat Remix),"HOSH, CamelPhat",https://www.beatport.com/track/never-sax-enough/21630078,21630078,Never Sax Enough Iglesias Remix,"Fer BR, Iglesias, Sax Enough Iglesias",Eb Major,5B,2025,130,Sound D’Elite,"Tech House, House, UK Garage / Bassline",,2025-10-03,44.827586206896555,20,33.7,0,0,25.7,N,guard_artist_sim_no_overlap,1,[8-9] Tighter (CamelPhat Remix) CamelPhat remix,17,3920,N
6,[8-9] Tighter (CamelPhat Remix),"HOSH, CamelPhat",https://www.beatport.com/track/wheres-the-party-at/21993438,21993438,Where's The Party At? Original Mix,"Locky, Luke Dean",Eb Minor,2A,2025,132,Dance Traxx LDN,"UK Garage / Bassline, House, UK Garage / Bassline|UK Garage, Tech House, Breaks / Breakbeat / UK Bass",,2025-10-17,42.5531914893617,22,33.3,0,0,30.3,N,guard_artist_sim_no_overlap,1,[8-9] Tighter (CamelPhat Remix) CamelPhat remix,20,4497,N
6,[8-9] Tighter (CamelPhat Remix),"HOSH, CamelPhat",https://www.beatport.com/track/4-the-girls/21892998,21892998,4 The Girls Extended Mix,"Rafael, Max Cardona",G Major,9B,2025,129,PlanetX,"Indie Dance, House",,2025-10-17,31.578947368421055,26,29.1,0,0,26.1,N,guard_low_artist_high_title_required,1,[8-9] Tighter (CamelPhat Remix) CamelPhat remix,19,4749,N
6,[8-9] Tighter (CamelPhat Remix),"HOSH, CamelPhat",https://www.beatport.com/track/tequila-y-limon/20813056,20813056,Tequila y Limon Extended Mix,"Kalma, JOHN ELLE, Elilluminari, Rubens Vibes",Ab Major,4B,2025,124,Club Bad Records,"Afro House, Afro House|Afro Melodic, Afro House|Afro / Latin",,2025-08-08,23.80952380952381,36,29.3,0,0,23.3,N,guard_low_artist_high_title_required,1,[8-9] Tighter (CamelPhat Remix) CamelPhat remix,15,5598,N
6,[8-9] Tighter (CamelPhat Remix),"HOSH, CamelPhat",https://www.beatport.com/track/sexy-back/19962554,19962554,Sexy Back Original Mix,"Bruno Bona, Esteban Angel",E Minor,9A,2025,128,Bona,"Tech House, Tech House|Latin Tech, House",,2025-01-24,22.22222222222223,25,23.5,0,0,20.5,N,guard_low_artist_high_title_required,1,[8-9] Tighter (CamelPhat Remix) CamelPhat remix,13,6328,N
6,[8-9] Tighter (CamelPhat Remix),"HOSH, CamelPhat",https://www.beatport.com/track/hot-line-84/21068486,21068486,Hot Line 84' Extended Mix,Moontalk,F Minor,4A,2025,128,PlanetX,Indie Dance,,2025-09-05,36.8421052631579,20,29.3,0,0,26.3,N,guard_artist_sim_no_overlap,1,[8-9] Tighter (CamelPhat Remix) CamelPhat remix,18,5104,N
6,[8-9] Tighter (CamelPhat Remix),"HOSH, CamelPhat",https://www.beatport.com/track/no-hesitating/21870256,21870256,No Hesitating Original Mix,Joe Rolét,F Minor,4A,2025,130,Hot Creations,"House, Minimal / Deep Tech|Deep Tech, UK Garage / Bassline, Deep House, UK Garage / Bassline|UK Garage, Minimal / Deep Tech",,2025-10-17,30.0,24,27.3,0,0,24.3,N,guard_artist_sim_no_overlap,1,[8-9] Tighter (CamelPhat Remix) CamelPhat remix,21,5047,N
6,[8-9] Tighter (CamelPhat Remix),"HOSH, CamelPhat",https://www.beatport.com/track/supa-smoov/21993437,21993437,Supa Smoov Original Mix,"Locky, Luke Dean",F Major,7B,2025,132,Dance Traxx LDN,"House, UK Garage / Bassline, Minimal / Deep Tech|Deep Tech, UK Garage / Bassline|UK Garage, Minimal / Deep Tech",,2025-10-17,16.21621621621621,22,18.8,0,0,15.8,N,guard_artist_sim_no_overlap,1,[8-9] Tighter (CamelPhat Remix) CamelPhat remix,23,5121,N
6,[8-9] Tighter (CamelPhat Remix),"HOSH, CamelPhat",https://www.beatport.com/track/pyhu-put-your-hands-up/20969830,20969830,PYHU (Put Your Hands Up) Put Your Hands Up,"Kurd Maverick, Hugel",Eb Major,5B,2025,123,Cr2 Records,"Afro House, Afro House|Afro Melodic, Afro House|Afro / Latin, Melodic House & Techno",,2025-10-03,28.57142857142857,25,27.0,0,0,24.0,N,guard_low_artist_high_title_required,1,[8-9] Tighter (CamelPhat Remix) CamelPhat remix,22,5901,N
6,[8-9] Tighter (CamelPhat Remix),"HOSH, CamelPhat",https://www.beatport.com/track/come-find-me/22178287,22178287,Come Find Me Acapella,"MK, Clementine Douglas",C Major,8B,2025,87,Columbia (Sony),Dance / Pop,,2025-10-13,41.666666666666664,27,35.1,0,0,32.1,N,guard_low_artist_high_title_required,1,[8-9] Tighter (CamelPhat Remix) CamelPhat remix,31,4391,N
6,[8-9] Tighter (CamelPhat Remix),"HOSH, CamelPhat",https://www.beatport.com/track/gets-like-that/21630256,21630256,Gets Like That Extended,"Max Dean, Luke Dean",Eb Major,5B,2025,130,DX3N,"House, Deep House, Tech House, Minimal / Deep Tech|Minimal House",,2025-09-19,36.0,17,27.5,0,0,24.5,N,guard_artist_sim_no_overlap,1,[8-9] Tighter (CamelPhat Remix) CamelPhat remix,25,6410,N
6,[8-9] Tighter (CamelPhat Remix),"HOSH, CamelPhat",https://www.beatport.com/track/rock-rule/21622545,21622545,Rock & Rule Extended Mix,Dennis Quin,A Minor,8A,2025,132,EARDRUMS,"UK Garage / Bassline, Breaks / Breakbeat / UK Bass, House, UK Garage / Bassline|UK Garage, Tech House",,2025-10-17,26.315789473684205,11,19.4,0,0,16.4,N,guard_artist_sim_no_overlap,1,[8-9] Tighter (CamelPhat Remix) CamelPhat remix,30,5026,N
6,[8-9] Tighter (CamelPhat Remix),"HOSH, CamelPhat",https://www.beatport.com/track/lady-hear-me-tonight-remix/21628116,21628116,Lady (Hear Me Tonight) - Remix Extended,"Modjo, Sparrow & Barbossa, Koshi, Daymaan",Bb Minor,3A,2025,120,Kitsune Musique,"Afro House|Afro Melodic, Afro House, Afro House|Afro / Latin",,2025-09-26,54.83870967741935,52,53.6,0,0,45.6,N,guard_title_token_coverage,1,[8-9] Tighter (CamelPhat Remix) CamelPhat remix,26,6450,N
6,[8-9] Tighter (CamelPhat Remix),"HOSH, CamelPhat",https://www.beatport.com/track/murder-mystery/21592952,21592952,Murder Mystery Original Mix,Jamie Jones,Eb Minor,2A,2025,128,Hot Creations,"Tech House, House",,2025-10-03,34.14634146341463,28,31.4,0,0,28.4,N,guard_low_artist_high_title_required,1,[8-9] Tighter (CamelPhat Remix) CamelPhat remix,24,8156,N
6,[8-9] Tighter (CamelPhat Remix),"HOSH, CamelPhat",https://www.beatport.com/track/scream/22049145,22049145,Scream! Original Mix,CHASEWEST,G Major,9B,2025,129,Solid Grooves Records,"Tech House, House",,2025-10-17,24.24242424242425,37,30.0,0,0,27.0,N,guard_low_artist_high_title_required,1,[8-9] Tighter (CamelPhat Remix) CamelPhat remix,32,4790,N
6,[8-9] Tighter (CamelPhat Remix),"HOSH, CamelPhat",https://www.beatport.com/track/space-pump/21026596,21026596,Space Pump (Space Jam) (Extended Mix),Vinter (BR),B Minor,10A,2025,128,Nervous Records,"House, Tech House, Deep House, Minimal / Deep Tech|Minimal House, Funky House, Tech House|Latin Tech",,2025-08-29,29.268292682926827,5,18.3,0,0,15.3,N,guard_artist_sim_no_overlap,1,[8-9] Tighter (CamelPhat Remix) CamelPhat remix,28,8325,N
6,[8-9] Tighter (CamelPhat Remix),"HOSH, CamelPhat",https://www.beatport.com/track/edge-of-desire/20625808,20625808,Edge of Desire Extended Mix,"Jonas Blue, Malive",G Major,9B,2025,123,Defected,"House, Tech House, Deep House, Tech House|Latin Tech",,2025-07-18,29.268292682926827,27,28.2,0,0,25.2,N,guard_low_artist_high_title_required,1,[8-9] Tighter (CamelPhat Remix) CamelPhat remix,27,8458,N
6,[8-9] Tighter (CamelPhat Remix),"HOSH, CamelPhat",https://www.beatport.com/track/galvanize/21200241,21200241,Galvanize Chris Lake Extended Mix,"Chris Lake, The Chemical Brothers",G Major,9B,2025,128,Positiva,Dance / Pop,,2025-08-29,29.787234042553195,30,29.9,0,0,26.9,N,guard_low_artist_high_title_required,1,[8-9] Tighter (CamelPhat Remix) CamelPhat remix,29,8418,N
6,[8-9] Tighter (CamelPhat Remix),"HOSH, CamelPhat",https://www.beatport.com/track/call-you-back/22009082,22009082,Call You Back Extended Mix,"Layton Giordani, Be No Rain, GENESI (ITA)",A Major,11B,2025,130,MADMINDS,"Tech House, Bass House, House",,2025-10-17,25.0,23,24.1,0,0,18.1,N,guard_artist_sim_no_overlap,1,[8-9] Tighter (CamelPhat Remix) CamelPhat remix,34,6852,N
6,[8-9] Tighter (CamelPhat Remix),"HOSH, CamelPhat",https://www.beatport.com/track/it-gets-better/22019627,22019627,It Gets Better Chris Stussy Remix,"Chris Stussy, Kettama, Better Chris Stussy",Bb Minor,3A,2025,136,Steel City Dance Discs,Dance / Pop,,2025-10-17,43.333333333333336,31,37.8,0,0,29.8,N,guard_low_artist_high_title_required,1,[8-9] Tighter (CamelPhat Remix) CamelPhat remix,35,6704,N
6,[8-9] Tighter (CamelPhat Remix),"HOSH, CamelPhat",https://www.beatport.com/track/aint-nobody/21357834,21357834,Ain't Nobody Extended Mix,"Mr. Belt & Wezol, RUZE",Eb Minor,2A,2025,128,The Cuckoo's Nest,"House, Deep House, Tech House, Minimal / Deep Tech|Minimal House, UK Garage / Bassline",,2025-09-12,20.51282051282051,29,24.3,0,0,18.3,N,guard_low_artist_high_title_required,1,[8-9] Tighter (CamelPhat Remix) CamelPhat remix,36,7374,N
6,[8-9] Tighter (CamelPhat Remix),"HOSH, CamelPhat",https://www.beatport.com/track/4-ya-mind/21359754,21359754,4 Ya Mind Original Mix,"AYYBO, Discip",C Major,8B,2025,128,Solid Grooves Records,"Minimal / Deep Tech|Deep Tech, House, Minimal / Deep Tech, Deep House",,2025-09-19,22.22222222222223,24,23.0,0,0,20.0,N,guard_artist_sim_no_overlap,1,[8-9] Tighter (CamelPhat Remix) CamelPhat remix,33,9343,N
6,[8-9] Tighter (CamelPhat Remix),"HOSH, CamelPhat",https://www.beatport.com/track/come-with-it/21762432,21762432,Come With It Original Mix,Selecta J-Man,F Major,7B,2025,88,Born On Road,"Drum & Bass, Drum & Bass|Jump Up, Drum & Bass|Jungle",,2025-10-10,41.02564102564103,24,33.4,0,0,30.4,N,guard_artist_sim_no_overlap,1,[8-9] Tighter (CamelPhat Remix) CamelPhat remix,37,7595,N
6,[8-9] Tighter (CamelPhat Remix),"HOSH, CamelPhat",https://www.beatport.com/track/where-you-are/22095333,22095333,Where You Are Millero Extended Remix,"John Summit, HAYLA, Millero",A Minor,8A,2025,126,Experts Only,"Indie Dance, House, Funky House",,2025-10-09,44.44444444444444,34,39.7,0,0,31.7,N,guard_low_artist_high_title_required,1,[8-9] Tighter (CamelPhat Remix) CamelPhat remix,41,6142,N
6,[8-9] Tighter (CamelPhat Remix),"HOSH, CamelPhat",https://www.beatport.com/track/you-me/21879604,21879604,You & Me Extended Mix,Max Styler,F Major,7B,2025,127,Nu Moda,"Indie Dance, House",,2025-10-17,22.85714285714286,22,22.5,0,0,19.5,N,guard_artist_sim_no_overlap,1,[8-9] Tighter (CamelPhat Remix) CamelPhat remix,38,8465,N
6,[8-9] Tighter (CamelPhat Remix),"HOSH, CamelPhat",https://www.beatport.com/track/up-down/21302857,21302857,Up Down Extended Mix,"TyriqueOrDie, bradeazy",Eb Minor,2A,2025,130,Boom Records LLC,"Bass House, Tech House",,2025-09-05,11.764705882352942,23,16.8,0,0,13.8,N,guard_artist_sim_no_overlap,1,[8-9] Tighter (CamelPhat Remix) CamelPhat remix,42,6851,N
6,[8-9] Tighter (CamelPhat Remix),"HOSH, CamelPhat",https://www.beatport.com/track/system/21251156,21251156,System Extended Mix,"Odd Mob, OMNOM, HYPERBEAM",E Major,12B,2025,130,Insomniac Records,"Tech House, Bass House, House",,2025-09-05,18.181818181818187,22,19.9,0,0,13.9,N,guard_artist_sim_no_overlap,1,[8-9] Tighter (CamelPhat Remix) CamelPhat remix,39,8769,N
6,[8-9] Tighter (CamelPhat Remix),"HOSH, CamelPhat",https://www.beatport.com/track/dame-un-grrr-provi-remix/21250305,21250305,Dame Un Grrr (Provi Remix) Extended Mix,"Kate Linn, Provi, Fantomel",Gb Minor,11A,2025,123,Make The Girls Dance Records,"Afro House|Afro Melodic, Afro House, Afro House|Afro / Latin",,2025-08-22,47.05882352941177,34,41.2,0,0,33.2,N,guard_low_artist_high_title_required,1,[8-9] Tighter (CamelPhat Remix) CamelPhat remix,40,8934,N
6,[8-9] Tighter (CamelPhat Remix),"HOSH, CamelPhat",https://www.beatport.com/track/not-gonna-be-your-boo/21587292,21587292,Not Gonna Be Your Boo Extended Mix,"Robin S, Cloonee",E Minor,9A,2025,132,Hellbent Records,"Tech House, House, UK Garage / Bassline",,2025-09-19,25.0,30,27.2,0,0,24.2,N,guard_low_artist_high_title_required,1,[8-9] Tighter (CamelPhat Remix) CamelPhat remix,43,7040,N
6,[8-9] Tighter (CamelPhat Remix),"HOSH, CamelPhat",https://www.beatport.com/track/original-don/21538033,21538033,Original Don Extended Mix,"Sub Focus, Irah, Fireboy DML",F Minor,4A,2025,87,Positiva,Drum & Bass,,2025-09-19,20.51282051282051,30,24.8,0,0,18.8,N,guard_low_artist_high_title_required,1,[8-9] Tighter (CamelPhat Remix) CamelPhat remix,44,8139,N
6,[8-9] Tighter (CamelPhat Remix),"HOSH, CamelPhat",https://www.beatport.com/track/like-i-like-it/20505201,20505201,Like I Like It Original Mix,Mau P,Ab Major,4B,2025,128,Diynamic,"Tech House, House, Tech House|Latin Tech",,2025-05-23,27.77777777777777,14,21.6,0,0,18.6,N,guard_artist_sim_no_overlap,1,[8-9] Tighter (CamelPhat Remix) CamelPhat remix,45,10711,N
6,[8-9] Tighter (CamelPhat Remix),"HOSH, CamelPhat",https://www.beatport.com/track/one2three/21782790,21782790,one2three Extended Mix,"Chris Lake, Disclosure, Leven Kali",D Minor,7A,2025,130,Disorder,"House, Tech House, UK Garage / Bassline",,2025-09-26,27.77777777777777,30,28.8,0,0,22.8,N,guard_low_artist_high_title_required,1,[8-9] Tighter (CamelPhat Remix) CamelPhat remix,50,8383,N
6,[8-9] Tighter (CamelPhat Remix),"HOSH, CamelPhat",https://www.beatport.com/track/das-da-shi/21993440,21993440,Das Da Shi Original Mix,"Locky, Luke Dean",F Minor,4A,2025,135,Dance Traxx LDN,"Breaks / Breakbeat / UK Bass, UK Garage / Bassline, UK Garage / Bassline|UK Garage",,2025-10-17,21.621621621621628,22,21.8,0,0,18.8,N,guard_artist_sim_no_overlap,1,[8-9] Tighter (CamelPhat Remix) CamelPhat remix,52,6540,N
6,[8-9] Tighter (CamelPhat Remix),"HOSH, CamelPhat",https://www.beatport.com/track/monologue/20962298,20962298,Monologue Extended Mix,Bonafique,A Minor,8A,2025,125,Get Physical Music,Indie Dance,,2025-09-10,22.22222222222223,18,20.3,0,0,17.3,N,guard_artist_sim_no_overlap,1,[8-9] Tighter (CamelPhat Remix) CamelPhat remix,48,10134,N
6,[8-9] Tighter (CamelPhat Remix),"HOSH, CamelPhat",https://www.beatport.com/track/no-broke-boys/20601832,20601832,No Broke Boys Extended,"Tinashe, Disco Lines",B Major,1B,2025,131,GoodGood/NiceLife/Atlantic,Dance / Pop,,2025-06-06,28.57142857142857,30,29.2,0,0,26.2,N,guard_low_artist_high_title_required,1,[8-9] Tighter (CamelPhat Remix) CamelPhat remix,47,10912,N
6,[8-9] Tighter (CamelPhat Remix),"HOSH, CamelPhat",https://www.beatport.com/track/verano-en-ny/20564331,20564331,Verano En NY Original Mix,Toman,G Major,9B,2025,126,Solid Grooves Records,"Tech House|Latin Tech, Tech House, House",,2025-06-27,25.641025641025635,25,25.4,0,0,22.4,N,guard_low_artist_high_title_required,1,[8-9] Tighter (CamelPhat Remix) CamelPhat remix,46,11658,N
6,[8-9] Tighter (CamelPhat Remix),"HOSH, CamelPhat",https://www.beatport.com/track/cola/20790162,20790162,Cola ARTBAT Extended Remix,"CamelPhat, Elderbrook, ARTBAT",F Minor,4A,2025,125,Defected,"Tech House, House, Tech House|Latin Tech",,2025-08-08,49.056603773584904,57,52.6,0,0,44.6,N,guard_title_token_coverage,1,[8-9] Tighter (CamelPhat Remix) CamelPhat remix,49,10591,N
6,[8-9] Tighter (CamelPhat Remix),"HOSH, CamelPhat",https://www.beatport.com/track/intergalactic/21994568,21994568,Intergalactic Original Mix,GIGSTA,F Minor,4A,2025,132,Heavy House Society,"Minimal / Deep Tech|Deep Tech, House, Minimal / Deep Tech",,2025-10-17,25.0,16,21.0,0,0,18.0,N,guard_artist_sim_no_overlap,1,[8-9] Tighter (CamelPhat Remix) CamelPhat remix,54,6207,N
6,[8-9] Tighter (CamelPhat Remix),"HOSH, CamelPhat",https://www.beatport.com/track/focus-feat-cloves/22095335,22095335,Focus feat. CLOVES EdiP Extended Remix,"John Summit, cloves, EdiP",Gb Minor,11A,2025,130,Experts Only,"Tech House, House, Bass House, UK Garage / Bassline",,2025-10-09,6.25,35,19.2,0,0,11.2,N,guard_low_artist_high_title_required,1,[8-9] Tighter (CamelPhat Remix) CamelPhat remix,53,7447,N
6,[8-9] Tighter (CamelPhat Remix),"HOSH, CamelPhat",https://www.beatport.com/track/cloudy-eyes/21633281,21633281,Cloudy Eyes (Dance Tonight),"Keinemusik, Jesse Boykins III, Reznik (DE)",F Minor,4A,2025,122,VOD,"Melodic House & Techno, Afro House, Afro House|Afro Melodic, Melodic House & Techno|Melodic House",,2025-09-26,42.30769230769231,15,30.0,0,0,24.0,N,guard_artist_sim_no_overlap,1,[8-9] Tighter (CamelPhat Remix) CamelPhat remix,51,11231,N
6,[8-9] Tighter (CamelPhat Remix),"HOSH, CamelPhat",https://www.beatport.com/track/dubplate-style/21993439,21993439,Dubplate Style Original Mix,"Locky, Luke Dean",E Minor,9A,2025,132,Dance Traxx LDN,"UK Garage / Bassline, Breaks / Breakbeat / UK Bass, UK Garage / Bassline|UK Garage, Tech House, House",,2025-10-17,34.14634146341463,22,28.7,0,0,25.7,N,guard_artist_sim_no_overlap,1,[8-9] Tighter (CamelPhat Remix) CamelPhat remix,56,5915,N
6,[8-9] Tighter (CamelPhat Remix),"HOSH, CamelPhat",https://www.beatport.com/track/whats-a-girl-to-do-in-25-extended/21675756,21675756,What's a Girl to Do in '25 (Extended) Extended,KI/KI,Bb Minor,3A,2025,146,Disorder,"Trance (Main Floor), Trance (Main Floor)|Hard Trance, Psy-Trance",,2025-09-12,36.0655737704918,0,19.8,0,0,16.8,N,guard_artist_sim_no_overlap,1,[8-9] Tighter (CamelPhat Remix) CamelPhat remix,57,7886,N
6,[8-9] Tighter (CamelPhat Remix),"HOSH, CamelPhat",https://www.beatport.com/track/my-mind/22189969,22189969,My Mind Extended Mix,"Korolova, JOA (US)",Eb Major,5B,2025,128,Experts Only,"Melodic House & Techno, Melodic House & Techno|Melodic Techno",,2025-10-17,17.647058823529406,31,23.7,0,0,20.7,N,guard_low_artist_high_title_required,1,[8-9] Tighter (CamelPhat Remix) CamelPhat remix,55,8410,N
6,[8-9] Tighter (CamelPhat Remix),"HOSH, CamelPhat",https://www.beatport.com/track/be-there/21622546,21622546,Be There Extended Mix,Dennis Quin,G Minor,6A,2025,130,EARDRUMS,"Minimal / Deep Tech|Deep Tech, House, Minimal / Deep Tech",,2025-10-17,34.28571428571429,11,23.8,0,0,20.8,N,guard_artist_sim_no_overlap,1,[8-9] Tighter (CamelPhat Remix) CamelPhat remix,61,6251,N
6,[8-9] Tighter (CamelPhat Remix),"HOSH, CamelPhat",https://www.beatport.com/track/waitin/22178138,22178138,Waitin' Extended Mix,HotLap,Gb Major,2B,2025,122,7CULT,"House, Tech House, Deep House, Indie Dance, Minimal / Deep Tech",,2025-10-10,24.24242424242425,33,28.2,0,0,25.2,N,guard_low_artist_high_title_required,1,[8-9] Tighter (CamelPhat Remix) CamelPhat remix,60,7187,N
6,[8-9] Tighter (CamelPhat Remix),"HOSH, CamelPhat",https://www.beatport.com/track/get-ready/21587379,21587379,Get Ready Original Mix,Easttown,Db Major,3B,2025,132,Cecille,"Jackin House, House",,2025-10-10,27.77777777777777,25,26.5,0,0,23.5,N,guard_low_artist_high_title_required,1,[8-9] Tighter (CamelPhat Remix) CamelPhat remix,63,6900,N
6,[8-9] Tighter (CamelPhat Remix),"HOSH, CamelPhat",https://www.beatport.com/track/shook-ones-pt-iii/21312385,21312385,"Shook Ones, Pt. III Extended",HNTR,Bb Major,6B,2025,132,Kinetica Records,Techno (Peak Time / Driving),,2025-09-12,26.41509433962264,27,26.7,0,0,23.7,N,guard_low_artist_high_title_required,1,[8-9] Tighter (CamelPhat Remix) CamelPhat remix,59,9052,N
6,[8-9] Tighter (CamelPhat Remix),"HOSH, CamelPhat",https://www.beatport.com/track/deeplow/21878783,21878783,Deeplow Original Mix,"Sama (US), Serve Cold",E Major,12B,2025,123,Places & Spaces,"Melodic House & Techno, Afro House, Melodic House & Techno|Melodic House",,2025-10-10,11.764705882352942,33,21.3,0,0,18.3,N,guard_low_artist_high_title_required,1,[8-9] Tighter (CamelPhat Remix) CamelPhat remix,62,7778,N
6,[8-9] Tighter (CamelPhat Remix),"HOSH, CamelPhat",https://www.beatport.com/track/get-stupid/20889654,20889654,Get Stupid Original Mix,Julian Fijma,Eb Major,5B,2025,130,tszr,"Minimal / Deep Tech|Minimal House, House, Deep House",,2025-08-08,27.02702702702703,14,21.2,0,0,18.2,N,guard_artist_sim_no_overlap,1,[8-9] Tighter (CamelPhat Remix) CamelPhat remix,58,11214,N
6,[8-9] Tighter (CamelPhat Remix),"HOSH, CamelPhat",https://www.beatport.com/track/wannabe/21543920,21543920,Wannabe Extended Mix,Volac,G Major,9B,2025,128,The Myth of NYX,"Bass House, Tech House, House",,2025-09-26,17.647058823529406,25,21.0,0,0,18.0,N,guard_low_artist_high_title_required,1,[8-9] Tighter (CamelPhat Remix) CamelPhat remix,65,8416,N
6,[8-9] Tighter (CamelPhat Remix),"HOSH, CamelPhat",https://www.beatport.com/track/do-it-again/21490688,21490688,Do It Again Original Mix,Betical,E Major,12B,2025,122,Tomorrowland Music,"Melodic House & Techno, Afro House|Afro Melodic, Melodic House & Techno|Melodic House, Afro House",,2025-09-26,31.578947368421055,18,25.5,0,0,22.5,N,guard_artist_sim_no_overlap,1,[8-9] Tighter (CamelPhat Remix) CamelPhat remix,64,10020,N
6,[8-9] Tighter (CamelPhat Remix),"HOSH, CamelPhat",https://www.beatport.com/track/power/20692753,20692753,Power Original Mix,Babes on the Run,Db Major,3B,2025,128,PornoStar Records,"Funky House, House",,2025-07-11,18.75,22,20.2,0,0,17.2,N,guard_artist_sim_no_overlap,1,[8-9] Tighter (CamelPhat Remix) CamelPhat remix,67,7567,N
6,[8-9] Tighter (CamelPhat Remix),"HOSH, CamelPhat",https://www.beatport.com/track/gimme-that-money/21605812,21605812,Gimme That Money Extended Mix,Wax Motif,C Minor,5A,2025,128,Divided Souls,"Bass House, Tech House, House",,2025-09-26,37.2093023255814,18,28.6,0,0,25.6,N,guard_artist_sim_no_overlap,1,[8-9] Tighter (CamelPhat Remix) CamelPhat remix,70,6734,N
6,[8-9] Tighter (CamelPhat Remix),"HOSH, CamelPhat",https://www.beatport.com/track/the-heads-that-know-feat-comma-dee/21586075,21586075,The Heads That Know (feat. Comma Dee) Original Mix,"Charlotte de Witte, Comma Dee",G Minor,6A,2025,138,KNTXT,Techno (Peak Time / Driving),,2025-10-02,39.130434782608695,25,32.8,0,0,29.8,N,guard_low_artist_high_title_required,1,[8-9] Tighter (CamelPhat Remix) CamelPhat remix,69,7780,N
6,[8-9] Tighter (CamelPhat Remix),"HOSH, CamelPhat",https://www.beatport.com/track/serious/21990317,21990317,Serious Extended Mix,"Obskür, Omar+",G Major,9B,2025,132,Disorder,"House, Minimal / Deep Tech, Deep House, Tech House, UK Garage / Bassline",,2025-10-10,17.647058823529406,35,25.5,0,0,22.5,N,guard_low_artist_high_title_required,1,[8-9] Tighter (CamelPhat Remix) CamelPhat remix,71,6331,N
6,[8-9] Tighter (CamelPhat Remix),"HOSH, CamelPhat",https://www.beatport.com/track/walking-on-a-dream/20832384,20832384,Walking On A Dream BLOND:ISH Extended Remix,"Empire Of The Sun, BLOND:ISH",F Minor,4A,2025,127,EMI Music Australia,Dance / Pop,,2025-07-28,42.857142857142854,34,38.9,0,0,33.9,N,guard_low_artist_high_title_required,1,[8-9] Tighter (CamelPhat Remix) CamelPhat remix,66,10099,N
6,[8-9] Tighter (CamelPhat Remix),"HOSH, CamelPhat",https://www.beatport.com/track/londons-on-fire/20601589,20601589,London's On Fire Extended Mix,"Audio Bullys, Chris Lorenzo, Max Styler",D Major,10B,2025,130,Black Book Records,"Tech House, Tech House|Latin Tech, Bass House, House",,2025-07-04,18.604651162790702,28,22.8,0,0,16.8,N,guard_low_artist_high_title_required,1,[8-9] Tighter (CamelPhat Remix) CamelPhat remix,68,11277,N
6,[8-9] Tighter (CamelPhat Remix),"HOSH, CamelPhat",https://www.beatport.com/track/crystallized-feat-inez/22095332,22095332,crystallized feat. Inéz Playa Dub,"Inez, John Summit",F Major,7B,2025,128,Experts Only,"Melodic House & Techno, Afro House, Afro House|Afro Melodic, Melodic House & Techno|Melodic House",,2025-10-09,25.641025641025635,23,24.5,0,0,21.5,N,guard_artist_sim_no_overlap,1,[8-9] Tighter (CamelPhat Remix) CamelPhat remix,73,7494,N
6,[8-9] Tighter (CamelPhat Remix),"HOSH, CamelPhat",https://www.beatport.com/track/liquor-store/20895024,20895024,Liquor Store Extended Mix,"Nate Dogg, Kolter",E Major,12B,2025,131,Disorder,"House, Minimal / Deep Tech|Minimal House, Tech House, Deep House, Tech House|Latin Tech",,2025-08-08,25.641025641025635,23,24.5,0,0,21.5,N,guard_artist_sim_no_overlap,1,[8-9] Tighter (CamelPhat Remix) CamelPhat remix,72,11578,N
6,[8-9] Tighter (CamelPhat Remix),"HOSH, CamelPhat",https://www.beatport.com/track/when-it-kicks/21295790,21295790,When It Kicks Extended Mix,"Green Velvet, Layton Giordani",Eb Minor,2A,2025,129,MADMINDS,"Tech House, House, Bass House",,2025-09-05,30.0,21,26.0,0,0,23.0,N,guard_artist_sim_no_overlap,1,[8-9] Tighter (CamelPhat Remix) CamelPhat remix,75,8896,N
6,[8-9] Tighter (CamelPhat Remix),"HOSH, CamelPhat",https://www.beatport.com/track/boom/21809392,21809392,BOOM Original Mix,"Argy, John Cala",B Major,1B,2025,124,NEWORLD,"Melodic House & Techno, Melodic House & Techno|Melodic House, Melodic House & Techno|Melodic Techno",,2025-10-10,6.451612903225808,37,20.2,0,0,17.2,N,guard_low_artist_high_title_required,1,[8-9] Tighter (CamelPhat Remix) CamelPhat remix,79,8334,N
6,[8-9] Tighter (CamelPhat Remix),"HOSH, CamelPhat",https://www.beatport.com/track/get-a-good-feeling/21588648,21588648,Get A Good Feeling Extended Mix,1991,Eb Major,5B,2025,87,I99I,Drum & Bass,,2025-09-26,31.111111111111114,0,17.1,0,0,14.1,N,guard_artist_sim_no_overlap,1,[8-9] Tighter (CamelPhat Remix) CamelPhat remix,80,7457,N
6,[8-9] Tighter (CamelPhat Remix),"HOSH, CamelPhat",https://www.beatport.com/track/side-man/20896215,20896215,Side Man Extended Mix,"Juos, Techno Tupac",E Major,12B,2025,130,THRIVE MUSIC,"Bass House, Tech House, House",,2025-08-22,28.57142857142857,39,33.3,0,0,30.3,N,guard_low_artist_high_title_required,1,[8-9] Tighter (CamelPhat Remix) CamelPhat remix,77,9666,N
6,[8-9] Tighter (CamelPhat Remix),"HOSH, CamelPhat",https://www.beatport.com/track/sweet-nothing/21111811,21111811,Sweet Nothing 2025 Edit,"Calvin Harris, D.O.D",Ab Minor,1A,2025,130,Sony Music CG,Dance / Pop,,2025-08-22,22.22222222222223,37,28.9,0,0,25.9,N,guard_low_artist_high_title_required,1,[8-9] Tighter (CamelPhat Remix) CamelPhat remix,76,10320,N
6,[8-9] Tighter (CamelPhat Remix),"HOSH, CamelPhat",https://www.beatport.com/track/if-u-ever/20778427,20778427,If U Ever Original Mix,"Meloko, Konvex (FR), Garla",E Major,12B,2025,124,Maccabi House,"Melodic House & Techno, Melodic House & Techno|Melodic House, Afro House",,2025-08-29,22.22222222222223,31,26.2,0,0,20.2,N,guard_low_artist_high_title_required,1,[8-9] Tighter (CamelPhat Remix) CamelPhat remix,74,11869,N
6,[8-9] Tighter (CamelPhat Remix),"HOSH, CamelPhat",https://www.beatport.com/track/what-a-life/22095334,22095334,What A Life OMRI. Extended Remix,"Stevie Appleton, John Summit, GUZ (NL), OMRI.",G Minor,6A,2025,126,Experts Only,"House, Indie Dance, Bass House, Tech House, UK Garage / Bassline",,2025-10-09,44.827586206896555,25,35.9,0,0,27.9,N,guard_low_artist_high_title_required,1,[8-9] Tighter (CamelPhat Remix) CamelPhat remix,82,6767,N
6,[8-9] Tighter (CamelPhat Remix),"HOSH, CamelPhat",https://www.beatport.com/track/sahara/21388546,21388546,Sahara Original Mix,Sllash & Doppe,Db Minor,12A,2025,122,MoBlack Records,"Afro House, Afro House|Afro Melodic, Afro House|Afro / Latin",,2025-09-12,24.24242424242425,33,28.2,0,0,25.2,N,guard_low_artist_high_title_required,1,[8-9] Tighter (CamelPhat Remix) CamelPhat remix,78,10130,N
6,[8-9] Tighter (CamelPhat Remix),"HOSH, CamelPhat",https://www.beatport.com/track/unique/21587378,21587378,Unique Original Mix,Easttown,D Minor,7A,2025,130,Cecille,"House, Deep House, Tech House|Latin Tech, Funky House",,2025-10-10,12.121212121212125,25,17.9,0,0,14.9,N,guard_low_artist_high_title_required,1,[8-9] Tighter (CamelPhat Remix) CamelPhat remix,81,8042,N
6,[8-9] Tighter (CamelPhat Remix),"HOSH, CamelPhat",https://www.beatport.com/track/think-about-us/22203336,22203336,Think About Us Extended Mix,"Sonny Fodera, D.O.D, Poppy Baskcomb",Bb Minor,3A,2025,128,SOLOTOKO,Dance / Pop,,2025-10-17,24.390243902439025,27,25.6,0,0,19.6,N,guard_low_artist_high_title_required,1,[8-9] Tighter (CamelPhat Remix) CamelPhat remix,83,6136,N
6,[8-9] Tighter (CamelPhat Remix),"HOSH, CamelPhat",https://www.beatport.com/track/the-finest/21630255,21630255,The Finest Extended,"Max Dean, Luke Dean",Ab Minor,1A,2025,132,DX3N,"House, Deep House, Minimal / Deep Tech|Deep Tech, Minimal / Deep Tech|Minimal House",,2025-09-19,34.78260869565217,17,26.8,0,0,23.8,N,guard_artist_sim_no_overlap,1,[8-9] Tighter (CamelPhat Remix) CamelPhat remix,85,7940,N
6,[8-9] Tighter (CamelPhat Remix),"HOSH, CamelPhat",https://www.beatport.com/track/take-over-control-feat-eva-simons-hills-remix/22010397,22010397,Take Over Control (feat. Eva Simons) [HILLS Remix] feat. Eva Simons,"Afrojack, Eva Simons, HILLS (US), HILLS",C Minor,5A,2025,130,SPINNIN' RECORDS,"House, Bass House, Tech House, Deep House, UK Garage / Bassline",,2025-10-17,42.857142857142854,33,38.4,0,0,30.4,N,guard_low_artist_high_title_required,1,[8-9] Tighter (CamelPhat Remix) CamelPhat remix,91,6359,N
6,[8-9] Tighter (CamelPhat Remix),"HOSH, CamelPhat",https://www.beatport.com/track/try-change-me/21994566,21994566,Try Change Me Original Mix,GIGSTA,C Minor,5A,2025,132,Heavy House Society,"Minimal / Deep Tech|Deep Tech, Minimal / Deep Tech, House",,2025-10-17,40.0,16,29.2,0,0,26.2,N,guard_artist_sim_no_overlap,1,[8-9] Tighter (CamelPhat Remix) CamelPhat remix,88,7188,N
6,[8-9] Tighter (CamelPhat Remix),"HOSH, CamelPhat",https://www.beatport.com/track/girls-mia-feat-carly-gibert/21774342,21774342,Girls MIA feat. Carly Gibert Extended Mix,"Adam Sellouk, Anyma (ofc), Carly Gibert",D Major,10B,2025,132,Afterlife Records,"Melodic House & Techno, Melodic House & Techno|Melodic Techno",,2025-09-19,22.22222222222223,26,23.9,0,0,17.9,N,guard_low_artist_high_title_required,1,[8-9] Tighter (CamelPhat Remix) CamelPhat remix,84,10029,N
6,[8-9] Tighter (CamelPhat Remix),"HOSH, CamelPhat",https://www.beatport.com/track/coco-loco/21876090,21876090,Coco Loco Extended Mix,"Eran Hersh, Tekkman, Juany Bravo",Gb Minor,11A,2025,123,Make The Girls Dance Records,"Afro House|Afro / Latin, Afro House, Melodic House & Techno",,2025-10-10,11.111111111111114,37,22.8,0,0,16.8,N,guard_low_artist_high_title_required,1,[8-9] Tighter (CamelPhat Remix) CamelPhat remix,87,7650,N
6,[8-9] Tighter (CamelPhat Remix),"HOSH, CamelPhat",https://www.beatport.com/track/get-close/21676856,21676856,Get Close Original Mix,Cam Stockman,Eb Minor,2A,2025,131,Solid Grooves Raw,"Minimal / Deep Tech|Deep Tech, House, Deep House, Minimal / Deep Tech|Minimal House",,2025-10-03,33.33333333333333,25,29.6,0,0,26.6,N,guard_title_token_coverage,1,[8-9] Tighter (CamelPhat Remix) CamelPhat remix,92,7050,N
6,[8-9] Tighter (CamelPhat Remix),"HOSH, CamelPhat",https://www.beatport.com/track/cant-decide/20515390,20515390,Can't Decide Extended,"Max Dean, Luke Dean, Locky (UK)",Ab Major,4B,2025,130,neXup recz,"Deep House, Minimal / Deep Tech|Minimal House, House",,2025-05-23,33.33333333333333,25,29.6,0,0,23.6,N,guard_low_artist_high_title_required,1,[8-9] Tighter (CamelPhat Remix) CamelPhat remix,86,11845,N
6,[8-9] Tighter (CamelPhat Remix),"HOSH, CamelPhat",https://www.beatport.com/track/get-em-up/21805716,21805716,Get Em Up Original Mix,"Jamek Ortega, JUNO (DE)",Ab Major,4B,2025,121,Magnifik Music,"Afro House, Afro House|Afro / Latin, Afro House|Afro Melodic",,2025-09-26,27.77777777777777,28,27.9,0,0,24.9,N,guard_low_artist_high_title_required,1,[8-9] Tighter (CamelPhat Remix) CamelPhat remix,89,11933,N
6,[8-9] Tighter (CamelPhat Remix),"HOSH, CamelPhat",https://www.beatport.com/track/wtf/20796447,20796447,WTF Original Mix,SCRIPT,F Minor,4A,2025,130,tszr,"Tech House, House, Bass House",,2025-08-01,6.666666666666671,30,17.2,0,0,14.2,N,guard_low_artist_high_title_required,1,[8-9] Tighter (CamelPhat Remix) CamelPhat remix,90,12236,N
6,[8-9] Tighter (CamelPhat Remix),"HOSH, CamelPhat",https://www.beatport.com/track/worlds-apart/21809459,21809459,Worlds Apart Original Mix,Guy J,A Minor,8A,2025,122,Early Morning,Progressive House,,2025-09-26,30.769230769230774,0,16.9,0,0,13.9,N,guard_artist_sim_no_overlap,1,[8-9] Tighter (CamelPhat Remix) CamelPhat remix,93,10760,N
6,[8-9] Tighter (CamelPhat Remix),"HOSH, CamelPhat",https://www.beatport.com/track/girlboss/21588581,21588581,GIRLBOSS Extended Mix,Sara Landry,Bb Minor,3A,2025,160,Insomniac Records,"Hard Dance / Hardcore / Neo Rave|Neo Rave, Hard Dance / Hardcore / Neo Rave",,2025-10-10,11.42857142857143,16,13.5,0,0,10.5,N,guard_artist_sim_no_overlap,1,[8-9] Tighter (CamelPhat Remix) CamelPhat remix,95,6176,N
6,[8-9] Tighter (CamelPhat Remix),"HOSH, CamelPhat",https://www.beatport.com/track/searching/21893019,21893019,Searching Extended Mix,"Sam Silver, Kelland",Gb Minor,11A,2025,130,Catch & Release,"Tech House, Tech House|Latin Tech, Bass House",,2025-10-10,27.77777777777777,25,26.5,0,0,23.5,N,guard_low_artist_high_title_required,1,[8-9] Tighter (CamelPhat Remix) CamelPhat remix,96,7542,N
6,[8-9] Tighter (CamelPhat Remix),"HOSH, CamelPhat",https://www.beatport.com/track/badness/21887184,21887184,Badness Break Remix,"Zoro, Addicted, Break, Badness Break",F Minor,4A,2025,88,Computer Integrated Audio,"Drum & Bass, Drum & Bass|Liquid",,2025-10-10,43.47826086956522,26,35.6,0,0,27.6,N,guard_low_artist_high_title_required,1,[8-9] Tighter (CamelPhat Remix) CamelPhat remix,97,7489,N
6,[8-9] Tighter (CamelPhat Remix),"HOSH, CamelPhat",https://www.beatport.com/track/925/21279414,21279414,925 Extended Mix,"Chris Lake, Sammy Virji, RoRo",G Minor,6A,2025,132,Capitol Records UK,"UK Garage / Bassline, House, Tech House, UK Garage / Bassline|UK Garage, Bass House",,2025-08-22,6.666666666666671,30,17.2,0,0,11.2,N,guard_low_artist_high_title_required,1,[8-9] Tighter (CamelPhat Remix) CamelPhat remix,94,9242,N
6,[8-9] Tighter (CamelPhat Remix),"HOSH, CamelPhat",https://www.beatport.com/track/stay-with-me/22095337,22095337,Stay With Me Mishell Extended Remix,"John Summit, Mishell",D Minor,7A,2025,95,Experts Only,"Melodic House & Techno, Melodic House & Techno|Melodic House, Afro House, Afro House|Afro Melodic",,2025-10-09,48.38709677419355,36,42.8,0,0,37.8,N,guard_low_artist_high_title_required,1,[8-9] Tighter (CamelPhat Remix) CamelPhat remix,98,8802,N
6,[8-9] Tighter (CamelPhat Remix),"HOSH, CamelPhat",https://www.beatport.com/track/off-the-clock/21588214,21588214,Off The Clock Extended Mix,Discip,Db Minor,12A,2025,128,Insomniac Records,"Tech House, Bass House, House, Tech House|Latin Tech",,2025-10-17,35.0,23,29.6,0,0,26.6,N,guard_artist_sim_no_overlap,1,[8-9] Tighter (CamelPhat Remix) CamelPhat remix,100,7581,N
6,[8-9] Tighter (CamelPhat Remix),"HOSH, CamelPhat",https://www.beatport.com/track/ma-tnsani-yalla-habibi-feat-ayasystem/20088037,20088037,Ma Tnsani (Yalla Habibi) (feat. AYA.SYSTEM) Yalla Habibi,"Vanco, AYA.SYSTEM",Db Minor,12A,2025,120,Afro Republik,"Afro House, Afro House|Afro / Latin, Melodic House & Techno",,2025-04-04,28.57142857142857,26,27.4,0,0,24.4,N,guard_low_artist_high_title_required,1,[8-9] Tighter (CamelPhat Remix) CamelPhat remix,99,13670,N
6,[8-9] Tighter (CamelPhat Remix),"HOSH, CamelPhat",https://www.beatport.com/track/crystallized-feat-inez/21671109,21671109,crystallized feat. Inéz Extended Mix,"Inez, John Summit",F Minor,4A,2025,128,Experts Only,Dance / Pop,,2025-09-12,25.641025641025635,23,24.5,0,0,21.5,N,guard_artist_sim_no_overlap,1,[8-9] Tighter (CamelPhat Remix) CamelPhat remix,105,8801,N
6,[8-9] Tighter (CamelPhat Remix),"HOSH, CamelPhat",https://www.beatport.com/track/psycho/21904323,21904323,PSYCHO Original Mix,"Sarah De Warren, Charles D (USA), KASIA (ofc)",Ab Major,4B,2025,132,Drumcode,"Techno (Peak Time / Driving), Techno (Peak Time / Driving)|Peak Time",,2025-10-03,12.121212121212125,29,19.7,0,0,13.7,N,guard_low_artist_high_title_required,1,[8-9] Tighter (CamelPhat Remix) CamelPhat remix,103,10797,N
6,[8-9] Tighter (CamelPhat Remix),"HOSH, CamelPhat",https://www.beatport.com/track/tesla/20630687,20630687,TESLA Extended Mix,Mau P,F Major,7B,2025,132,Insomniac Records,"Tech House, House, UK Garage / Bassline, Bass House",,2025-08-08,18.75,14,16.6,0,0,13.6,N,guard_artist_sim_no_overlap,1,[8-9] Tighter (CamelPhat Remix) CamelPhat remix,101,14960,N
6,[8-9] Tighter (CamelPhat Remix),"HOSH, CamelPhat",https://www.beatport.com/track/appetite/20450483,20450483,Appetite Extended Mix,Chris Lorenzo,F Major,7B,2025,132,Catch & Release,"Tech House, House, Tech House|Latin Tech",,2025-05-16,40.0,20,31.0,0,0,28.0,N,guard_artist_sim_no_overlap,1,[8-9] Tighter (CamelPhat Remix) CamelPhat remix,102,16813,N
6,[8-9] Tighter (CamelPhat Remix),"HOSH, CamelPhat",https://www.beatport.com/track/at-night/20661162,20661162,At Night Anyma x Layton Giordani Extended Remix,"Shakedown, Layton Giordani, Anyma (ofc)",F Major,7B,2025,127,Defected,"Melodic House & Techno, Afro House|Afro / Latin, Afro House",,2025-06-27,45.945945945945944,32,39.7,0,0,31.7,N,guard_low_artist_high_title_required,1,[8-9] Tighter (CamelPhat Remix) CamelPhat remix,104,16598,N
6,[8-9] Tighter (CamelPhat Remix),"HOSH, CamelPhat",https://www.beatport.com/track/one-by-one/18813081,18813081,One By One Extended Mix,"Deeper Purpose, Jalja, LAZY JOE",D Major,10B,2024,127,Toolroom,"Deep House, House, Minimal / Deep Tech",,2024-04-05,12.121212121212125,32,21.1,0,0,15.1,N,guard_low_artist_high_title_required,1,[8-9] Tighter (CamelPhat Remix) CamelPhat remix,107,14623,N
6,[8-9] Tighter (CamelPhat Remix),"HOSH, CamelPhat",https://www.beatport.com/track/midnight/12806184,12806184,Midnight Original Mix,"HOSH, 1979, Jalja",A Minor,8A,2019,124,fryhide,"Melodic House & Techno, Progressive House",,2019-12-06,34.28571428571429,71,50.8,0,0,44.8,N,guard_title_token_coverage,1,[8-9] Tighter (CamelPhat Remix) CamelPhat remix,106,16958,N
6,[8-9] Tighter (CamelPhat Remix),"HOSH, CamelPhat",https://www.beatport.com/track/tighter-feat-jalja/15671977,15671977,Tighter (feat. Jalja) CamelPhat Extended Remix,"HOSH, Jalja",F Major,7B,2021,125,Three Six Zero Recordings,Melodic House & Techno,,2021-09-17,92.0,71,82.5,0,0,77.5,N,remixer_mismatch_guard,1,[8-9] Tighter (CamelPhat Remix) CamelPhat remix,108,18247,N
6,[8-9] Tighter (CamelPhat Remix),"HOSH, CamelPhat",https://www.beatport.com/track/one-by-one/19823864,19823864,One By One Extended Mix,"Deeper Purpose, Jalja, LAZY JOE",D Major,10B,2024,127,Toolroom,"Deep House, House, Minimal / Deep Tech|Deep Tech, Minimal / Deep Tech, Minimal / Deep Tech|Minimal House",,2024-12-20,12.121212121212125,32,21.1,0,0,15.1,N,guard_low_artist_high_title_required,1,[8-9] Tighter (CamelPhat Remix) CamelPhat remix,112,11078,N
6,[8-9] Tighter (CamelPhat Remix),"HOSH, CamelPhat",https://www.beatport.com/track/genesis/19649381,19649381,Genesis Extended,"Zodiac, Jalja",G Minor,6A,2024,124,[PIAS] Recordings,Dance / Pop,,2024-11-01,27.906976744186053,31,29.3,0,0,26.3,N,guard_low_artist_high_title_required,1,[8-9] Tighter (CamelPhat Remix) CamelPhat remix,111,11309,N
6,[8-9] Tighter (CamelPhat Remix),"HOSH, CamelPhat",https://www.beatport.com/track/tighter-feat-jalja/15663218,15663218,Tighter (feat. Jalja) Whitesquare Extended Remix,"HOSH, Jalja, Whitesquare",F Major,7B,2021,124,Three Six Zero Recordings,Indie Dance,,2021-10-08,65.0,71,67.7,0,0,59.7,N,guard_short_title_high_floor,1,[8-9] Tighter (CamelPhat Remix) CamelPhat remix,109,16766,N
6,[8-9] Tighter (CamelPhat Remix),"HOSH, CamelPhat",https://www.beatport.com/track/midnight-the-hanging-tree-mk-remix/13736728,13736728,Midnight (The Hanging Tree) [MK Remix] Extended,"HOSH, 1979, Jalja, MK",A Minor,8A,2020,124,Three Six Zero Recordings,"Dance / Pop, Mainstage|Future House",,2020-06-12,45.714285714285715,71,57.1,0,0,49.1,N,guard_title_token_coverage,1,[8-9] Tighter (CamelPhat Remix) CamelPhat remix,110,15463,N
6,[8-9] Tighter (CamelPhat Remix),"HOSH, CamelPhat",https://www.beatport.com/track/one-by-one/18995768,18995768,One By One Extended Mix,"Deeper Purpose, Jalja, LAZY JOE",D Major,10B,2024,127,Toolroom,"Deep House, House, Minimal / Deep Tech",,2024-05-24,12.121212121212125,32,21.1,0,0,15.1,N,guard_low_artist_high_title_required,1,[8-9] Tighter (CamelPhat Remix) CamelPhat remix,113,11700,N
6,[8-9] Tighter (CamelPhat Remix),"HOSH, CamelPhat",https://www.beatport.com/track/midnight-the-hanging-tree/13530849,13530849,Midnight (The Hanging Tree) Live Acoustic Mix,"HOSH, 1979, Jalja",D Minor,7A,2020,116,Three Six Zero Recordings,"Dance / Pop, Mainstage|Future House, Mainstage|Big Room, Mainstage|Electro House",,2020-05-15,40.0,71,54.0,0,0,48.0,N,guard_title_token_coverage,1,[8-9] Tighter (CamelPhat Remix) CamelPhat remix,114,10221,N
6,[8-9] Tighter (CamelPhat Remix),"HOSH, CamelPhat",https://www.beatport.com/track/genesis/19860994,19860994,Genesis Extended,"Zodiac, Jalja",G Minor,6A,2024,124,[PIAS] ÉLECTRONIQUE,"Melodic House & Techno, Progressive House, Melodic House & Techno|Melodic House",,2024-11-01,27.906976744186053,31,29.3,0,0,26.3,N,guard_low_artist_high_title_required,1,[8-9] Tighter (CamelPhat Remix) CamelPhat remix,115,10139,N
6,[8-9] Tighter (CamelPhat Remix),"HOSH, CamelPhat",https://www.beatport.com/track/latlal/17265660,17265660,Latlal Spada Remix,"Fairplay, Spada, Latlal Spada",D Major,10B,2023,123,Zatar Music,"Melodic House & Techno, Progressive House",,2023-02-03,44.44444444444444,30,37.9,0,0,29.9,N,guard_low_artist_high_title_required,18,CamelPhat extended remix Tighter,106,543,N
6,[8-9] Tighter (CamelPhat Remix),"HOSH, CamelPhat",https://www.beatport.com/track/act-of-god-feat-linney-feat-sarah-de-warren/20465783,20465783,Act Of God feat. Linney feat. Sarah de Warren CamelPhat Extended Remix,"Linney, Layton Giordani, Sarah De Warren, CamelPhat",Gb Minor,11A,2025,128,Experts Only,Melodic House & Techno,,2025-05-09,21.621621621621628,60,38.9,0,0,30.9,N,guard_title_token_coverage,19,Tighter CamelPhat extended mix,107,674,N
6,[8-9] Tighter (CamelPhat Remix),"HOSH, CamelPhat",https://www.beatport.com/track/oblivion/19584756,19584756,Oblivion Extended Mix,"CamelPhat, Massano, Nu-La",A Major,11B,2024,125,Simulate Recordings,"Melodic House & Techno, Melodic House & Techno|Melodic House",,2024-10-25,17.14285714285714,59,36.0,0,0,30.0,N,guard_title_token_coverage,19,Tighter CamelPhat extended mix,108,1313,N
6,[8-9] Tighter (CamelPhat Remix),"HOSH, CamelPhat",https://www.beatport.com/track/set-me-free/20092962,20092962,set me free CamelPhat Remix Extended,"CamelPhat, Aaron Hibell, Alex Wann, me free CamelPhat",E Minor,9A,2025,124,Astralwerks,Dance / Pop,,2025-02-07,71.42857142857143,62,67.2,0,0,77.2,N,guard_anchored_prefix,19,Tighter CamelPhat extended mix,109,1512,N
6,[8-9] Tighter (CamelPhat Remix),"HOSH, CamelPhat",https://www.beatport.com/track/nyp2/8856287,8856287,NYP2 Original Mix,CamelPhat,G Minor,6A,2017,124,Ambient Wave Records,"House, Funky House, Tech House, Deep House",,2017-02-14,6.451612903225808,57,29.2,0,0,26.2,N,guard_title_token_coverage,19,Tighter CamelPhat extended mix,112,1555,N
6,[8-9] Tighter (CamelPhat Remix),"HOSH, CamelPhat",https://www.beatport.com/track/kidz/19969814,19969814,Kidz CamelPhat Extended Remix,"Arodes, CamelPhat",F Minor,4A,2025,126,Unreleased Records,"Melodic House & Techno, Melodic House & Techno|Melodic House, Melodic House & Techno|Melodic Techno",,2025-01-24,71.42857142857143,70,70.8,0,0,65.8,N,guard_anchored_prefix,19,Tighter CamelPhat extended mix,114,1632,N
6,[8-9] Tighter (CamelPhat Remix),"HOSH, CamelPhat",https://www.beatport.com/track/cola/9382891,9382891,Cola Original Mix,"CamelPhat, Elderbrook",Bb Major,6B,2017,122,Defected,"House, Tech House, Nu Disco / Disco, Deep House, Funky House",,2017-06-16,19.354838709677423,57,36.3,0,0,33.3,N,guard_title_token_coverage,19,Tighter CamelPhat extended mix,106,1964,N
6,[8-9] Tighter (CamelPhat Remix),"HOSH, CamelPhat",https://www.beatport.com/track/needed-you/20372159,20372159,Needed You Original Mix,"CamelPhat, Vomee",D Major,10B,2025,125,When Stars Align,"Melodic House & Techno, Melodic House & Techno|Melodic Techno, Melodic House & Techno|Melodic House",,2025-04-25,16.21621621621621,61,36.4,0,0,33.4,N,guard_title_token_coverage,19,Tighter CamelPhat extended mix,111,2011,N
6,[8-9] Tighter (CamelPhat Remix),"HOSH, CamelPhat",https://www.beatport.com/track/destino/20843621,20843621,Destino Original Mix,"CamelPhat, Zafrir",E Major,12B,2025,123,When Stars Align,Melodic House & Techno,,2025-09-12,17.647058823529406,57,35.4,0,0,32.4,N,guard_title_token_coverage,19,Tighter CamelPhat extended mix,113,2097,N
6,[8-9] Tighter (CamelPhat Remix),"HOSH, CamelPhat",https://www.beatport.com/track/waste-my-time/20483136,20483136,Waste my time Original Mix,"CamelPhat, Kolsch",D Major,10B,2025,124,IPSO,Melodic House & Techno,,2025-05-30,30.0,80,52.5,0,0,49.5,N,guard_title_token_coverage,19,Tighter CamelPhat extended mix,110,2150,N
6,[8-9] Tighter (CamelPhat Remix),"HOSH, CamelPhat",https://www.beatport.com/track/lost-remix/17416281,17416281,Lost - Remix Extended Mix,"Zac, PACS",G Minor,6A,2023,125,Demmi Records,"Melodic House & Techno, Afro House",,2023-02-21,66.66666666666666,27,48.8,0,0,43.8,N,guard_low_artist_high_title_required,23,Tighter CamelPhat club mix,106,1241,N
